scenario,waypoint_id,label,criterion,network_degree,latitude,longitude,altitude_m,replica_count,mean_operations_per_replica,mean_throughput_per_hour,mean_peak_throughput_per_hour,uam_route_ids,reh_resource_ids,rank
C1,XUAMREH018,Cruzamento UAM × REH 018,uam_reh_crossing,,-23.518395971076906,-46.74256801100671,1005.84,50,260.9,10.833124511761966,64.32,UAM062;UAM069,REH-181,1
C1,XUAMREH027,Cruzamento UAM × REH 027,uam_reh_crossing,,-23.514054899958264,-46.726723850672045,975.36,50,260.28,10.80735369021369,70.56,UAM061;UAM070,REH-165,2
C1,XUAMREH020,Cruzamento UAM × REH 020,uam_reh_crossing,,-23.51801559902815,-46.7382529111411,1005.84,50,234.22,9.725343117334903,52.16,UAM012;UAM026;UAM038;UAM056,REH-181,3
C1,XUAMREH025,Cruzamento UAM × REH 025,uam_reh_crossing,,-23.515109439612967,-46.73455784831051,1005.84,50,223.14,9.265366729776844,57.36,UAM011;UAM025;UAM037;UAM055,REH-181,4
C1,XJUNCTION050,Geometric GN_31,uam_junction,3,-23.514022994171626,-46.735263320477685,914.4,50,165.48,6.870972731785595,42.8,UAM011;UAM025;UAM037;UAM055;UAM061;UAM070,,5
C1,XUAMREH023,Cruzamento UAM × REH 023,uam_reh_crossing,,-23.546804572765158,-46.73530258979139,953.8536696531238,50,163.98,6.808894213489416,41.44,UAM015;UAM065,REH-200,6
C1,XUAMREH019,Cruzamento UAM × REH 019,uam_reh_crossing,,-23.537522076083363,-46.7424579931275,1005.84,50,151.24,6.280251097693784,37.68,UAM052;UAM072,REH-198,7
C1,XUAMREH017,Cruzamento UAM × REH 017,uam_reh_crossing,,-23.53638657640141,-46.74321939760633,1005.84,50,144.86,6.015357140108442,35.92,UAM030;UAM042;UAM060;UAM070,REH-198,8
C1,XREH020,Ponte Jaguaré,reh_junction,3,-23.545833,-46.734722,1005.84,50,141.84,5.889604431950682,33.52,,REH-198;REH-200;REH-201,9
C1,XUAMREH016,Cruzamento UAM × REH 016,uam_reh_crossing,,-23.538606943555322,-46.74397829084542,1005.84,50,137.1,5.693142136433428,32.72,UAM029;UAM041;UAM051;UAM059;UAM069;UAM071,REH-198,10
C1,XJUNCTION047,Geometric GN_31,uam_junction,3,-23.518480331799573,-46.737620862360394,914.4,50,123.22,5.116723767908475,36.4,UAM012;UAM026;UAM038;UAM056;UAM062;UAM069,,11
C1,XUAMREH022,Cruzamento UAM × REH 022,uam_reh_crossing,,-23.54492364320313,-46.73569221948398,1005.84,50,119.42,4.958873923952236,28.0,UAM015;UAM065,REH-198,12
C1,XUAMREH021,Cruzamento UAM × REH 021,uam_reh_crossing,,-23.54736600595645,-46.73639520953387,960.1200000000001,50,116.46,4.835417379542298,36.0,UAM016;UAM066,REH-200,13
C1,XUAMREH039,Cruzamento UAM × REH 039,uam_reh_crossing,,-23.54272604596319,-46.60709499132373,1005.84,50,116.36,4.831581775781854,30.96,UAM018,REH-130,14
C1,XUAMREH041,Cruzamento UAM × REH 041,uam_reh_crossing,,-23.54266838564232,-46.604923183706596,1005.84,50,116.36,4.831581775781854,30.96,UAM001;UAM022;UAM024,REH-130,15
C1,XUAMREH040,Cruzamento UAM × REH 040,uam_reh_crossing,,-23.542635073452516,-46.60660014654001,1005.84,50,116.36,4.831581775781854,30.88,UAM020;UAM026;UAM028;UAM030,REH-130,16
C1,XUAMREH013,Cruzamento UAM × REH 013,uam_reh_crossing,,-23.524579799117795,-46.7533088495644,1036.3200000000002,50,100.9,4.18926591126863,34.72,UAM046;UAM052;UAM072,REH-167,17
C1,XUAMREH012,Cruzamento UAM × REH 012,uam_reh_crossing,,-23.525568544258785,-46.75437731483486,1036.3200000000002,50,94.5,3.9235205223521628,33.12,UAM005,REH-167,18
C1,XUAMREH034,Cruzamento UAM × REH 034,uam_reh_crossing,,-23.612699209237856,-46.701270116014804,1066.65,50,82.16,3.410910345066439,29.04,UAM016,REH-204,19
C1,XREH010,Avenida Morumbi,reh_junction,3,-23.611667,-46.712778,1036.3200000000002,50,78.64,3.264879259455944,26.4,,REH-202;REH-203;REH-204,20
C1,XUAMREH029,Cruzamento UAM × REH 029,uam_reh_crossing,,-23.612599208788925,-46.708582576571175,1066.65,50,76.66,3.1827049907066414,26.24,UAM014,REH-204,21
C1,XUAMREH030,Cruzamento UAM × REH 030,uam_reh_crossing,,-23.612763990761376,-46.70773960938346,1066.65,50,76.1,3.159457568026229,26.0,UAM006;UAM064,REH-204,22
C1,XREH017,Extra Jaguaré,reh_junction,3,-23.557222,-46.7475,1005.84,50,69.02,2.865666195264428,21.92,,REH-199;REH-200;REH-202,23
C1,XUAMREH031,Cruzamento UAM × REH 031,uam_reh_crossing,,-23.611550190365055,-46.70746402773739,1066.65,50,68.92,2.861427323243401,25.44,UAM005,REH-204,24
C1,XUAMREH032,Cruzamento UAM × REH 032,uam_reh_crossing,,-23.611641354291702,-46.706194188631684,1066.65,50,68.16,2.829880383124954,25.28,UAM013,REH-204,25
C1,XUAMREH033,Cruzamento UAM × REH 033,uam_reh_crossing,,-23.611693435361,-46.70497560667669,1066.65,50,66.94,2.7792274621627553,24.96,UAM063,REH-204,26
C1,XUAMREH036,Cruzamento UAM × REH 036,uam_reh_crossing,,-23.613195941670394,-46.69757502277295,1034.1961159440584,50,50.98,2.116601951797678,23.2,UAM064,REH-141,27
C1,XUAMREH006,Cruzamento UAM × REH 006,uam_reh_crossing,,-23.524442660816746,-46.81684682966029,975.36,50,50.28,2.0874219627265136,21.36,UAM027;UAM039;UAM057;UAM072,REH-135,28
C1,XUAMREH003,Cruzamento UAM × REH 003,uam_reh_crossing,,-23.52939920512159,-46.817572139651965,975.36,50,50.26,2.0865972204584726,21.44,UAM028;UAM040;UAM058;UAM071,REH-135,29
C1,XUAMREH004,Cruzamento UAM × REH 004,uam_reh_crossing,,-23.52908716642037,-46.81752664926729,975.36,50,50.26,2.0865972204584726,21.44,UAM006;UAM020;UAM032;UAM043;UAM045;UAM051,REH-135,30
C1,XUAMREH005,Cruzamento UAM × REH 005,uam_reh_crossing,,-23.52476013178882,-46.81689311953052,975.36,50,50.26,2.0865972204584726,21.36,UAM005;UAM019;UAM031;UAM044;UAM046;UAM052,REH-135,31
C1,XUAMREH002,Cruzamento UAM × REH 002,uam_reh_crossing,,-23.508223166638402,-46.82799249183902,1036.3200000000002,50,43.26,1.796210797612588,17.04,UAM068,REH-175,32
C1,XUAMREH001,Cruzamento UAM × REH 001,uam_reh_crossing,,-23.507748668659346,-46.8329591731143,1036.3200000000002,50,41.54,1.724722355625849,16.72,UAM067,REH-175,33
C1,XUAMREH035,Cruzamento UAM × REH 035,uam_reh_crossing,,-23.606858335822476,-46.69770020170488,1005.84,50,41.04,1.7038221466695913,15.04,UAM063,REH-201,34
C1,XUAMREH028,Cruzamento UAM × REH 028,uam_reh_crossing,,-23.611397970163665,-46.71570068121483,1081.8899999999999,50,37.82,1.5702716739204887,17.44,UAM006,REH-203,35
C1,XREH011,Extra Taboão,reh_junction,4,-23.608611,-46.751667,1066.8000000000002,50,29.74,1.2346878701469621,13.12,,REH-127;REH-129;REH-184;REH-203,36
C1,XUAMREH014,Cruzamento UAM × REH 014,uam_reh_crossing,,-23.606158087947897,-46.75165877683205,1081.8899999999999,50,24.74,1.0270802268887838,11.2,UAM013;UAM063,REH-129,37
C1,XUAMREH010,Cruzamento UAM × REH 010,uam_reh_crossing,,-23.599111511739473,-46.78092372499159,1081.8899999999999,50,24.74,1.0270802268887838,10.96,UAM013;UAM063,REH-127,38
C1,XUAMREH024,Cruzamento UAM × REH 024,uam_reh_crossing,,-23.611375251670935,-46.7350012042358,1081.8899999999999,50,16.86,0.7000048737219227,10.0,UAM014;UAM064,REH-203,39
C1,XUAMREH038,Cruzamento UAM × REH 038,uam_reh_crossing,,-23.575679144046994,-46.62970722266726,1032.9326400277964,50,14.44,0.5995491797601044,8.4,UAM022;UAM034,REH-196,40
C1,XUAMREH037,Cruzamento UAM × REH 037,uam_reh_crossing,,-23.581283975896312,-46.6369966574914,1034.3172575530384,50,10.96,0.4551136464213835,6.88,UAM007;UAM054,REH-196,41
C1,XUAMREH026,Cruzamento UAM × REH 026,uam_reh_crossing,,-23.608843875531957,-46.732732167671394,1081.8899999999999,50,10.36,0.4301107294997749,7.6,UAM013;UAM063,REH-203,42
C1,XREH024,Elevado Aricanduva,reh_junction,4,-23.535,-46.548333,944.88,50,6.66,0.27657122214397584,5.6,,REH-114;REH-131;REH-170;REH-174,43
C1,XREH015,Vd Grande São Paulo,reh_junction,3,-23.586667,-46.598056,1005.84,50,6.34,0.26339289548723754,5.68,,REH-173;REH-177;REH-185,44
C1,XUAMREH015,Cruzamento UAM × REH 015,uam_reh_crossing,,-23.610853961184617,-46.75146609543743,1081.8899999999999,50,5.0,0.20760764325817835,5.44,UAM014;UAM064,REH-184,45
C1,XREH014,Cebolinha,reh_junction,3,-23.591667,-46.650833,1005.84,50,3.7,0.1537338020418451,4.24,,REH-139;REH-140;REH-197,46
C1,XREH025,Suzano,reh_junction,3,-23.534167,-46.308056,1036.3200000000002,50,2.96,0.12281109854038474,3.92,,REH-116;REH-134;REH-169,47
C1,XUAMREH011,Cruzamento UAM × REH 011,uam_reh_crossing,,-23.551309998543285,-46.75515135898698,1081.8899999999999,50,2.0,0.08304305730327133,4.0,UAM006,REH-129,48
C1,XREH005,Mercedes,reh_junction,4,-23.666111,-46.573333,1005.84,50,1.3,0.05399630382162909,3.28,,REH-122;REH-123;REH-143;REH-144,49
C1,XUAMREH008,Cruzamento UAM × REH 008,uam_reh_crossing,,-23.594339775079746,-46.81135475714673,1081.8899999999999,50,1.3,0.05392629770302044,3.04,UAM014;UAM064,REH-156,50
C1,XREH012,Entroncamento,reh_junction,3,-23.603611,-46.600556,1005.84,50,1.22,0.05073224737650223,2.64,,REH-143;REH-185;REH-186,51
C1,XJUNCTION051,IMPERIAL,uam_junction,3,-23.483821783773077,-46.81114081009397,914.4,50,1.06,0.044055892912804054,2.32,UAM047;UAM068,,52
C1,XUAMREH042,Cruzamento UAM × REH 042,uam_reh_crossing,,-23.51487143285906,-46.560596399815815,944.88,50,0.6,0.024922861276903595,1.92,UAM001;UAM018;UAM020;UAM022;UAM024;UAM026;UAM028;UAM030,REH-209,53
C1,XUAMREH043,Cruzamento UAM × REH 043,uam_reh_crossing,,-23.506044065323877,-46.55954122825937,944.88,50,0.6,0.024922861276903595,1.92,UAM002;UAM017;UAM019;UAM021;UAM023;UAM025;UAM027;UAM029,REH-209,54
C1,XJUNCTION052,IMPERIAL,uam_junction,3,-23.479928950546952,-46.81385369960042,914.4,50,0.6,0.02491408934707904,1.68,UAM048;UAM067,,55
C1,XREH031,Gm,reh_junction,3,-23.440833,-46.257222,1051.56,50,0.24,0.009957225538071983,0.88,,REH-116;REH-117;REH-138,56
C1,XREH008,Estação Saladino,reh_junction,3,-23.6375,-46.535,1005.84,50,0.18,0.007457044673539519,0.64,,REH-121;REH-123;REH-178,57
C1,XUAMREH007,Cruzamento UAM × REH 007,uam_reh_crossing,,-23.59194078652076,-46.81353096512953,1066.8000000000002,50,0.16,0.006632302405498281,0.56,UAM014;UAM064,REH-155,58
C1,XJUNCTION001,Geometric GN_143,uam_junction,3,-23.617431167571162,-46.68928430393754,1219.0,50,0.0,0.0,0.0,UAM006;UAM014;UAM016,,59
C1,XJUNCTION002,PONTE_ESTAIADA,uam_junction,3,-23.615038702335013,-46.69985846078359,1219.0,50,0.0,0.0,0.0,UAM006;UAM014,,60
C1,XJUNCTION003,AVENIDA_MORUMBI,uam_junction,3,-23.613943812813236,-46.712997135045086,1219.0,50,0.0,0.0,0.0,UAM014;UAM064,,61
C1,XJUNCTION004,Geometric GN_143,uam_junction,3,-23.613248832428837,-46.686955696062455,1219.0,50,0.0,0.0,0.0,UAM005;UAM013;UAM015,,62
C1,XJUNCTION005,PONTE_ESTAIADA,uam_junction,3,-23.610516853220588,-46.69903042810522,1219.0,50,0.0,0.0,0.0,UAM005;UAM013,,63
C1,XJUNCTION006,AVENIDA_MORUMBI,uam_junction,3,-23.609389520520164,-46.71255842051052,1219.0,50,0.0,0.0,0.0,UAM013;UAM063,,64
C1,XJUNCTION007,CLUBE_SIRIO,uam_junction,4,-23.60810696321042,-46.65030859567146,1219.0,50,0.0,0.0,0.0,UAM001;UAM003;UAM007;UAM009;UAM011,,65
C1,XJUNCTION008,CLUBE_SIRIO,uam_junction,4,-23.607448592345182,-46.65524695988414,1219.0,50,0.0,0.0,0.0,UAM002;UAM004;UAM008;UAM010;UAM012,,66
C1,XJUNCTION009,CEBOLINHA,uam_junction,3,-23.593967358132343,-46.649936877164315,1219.0,50,0.0,0.0,0.0,UAM024;UAM036;UAM054,,67
C1,XJUNCTION010,CEBOLINHA,uam_junction,3,-23.59282164368213,-46.64846381572834,1219.0,50,0.0,0.0,0.0,UAM001;UAM003;UAM007,,68
C1,XJUNCTION011,CEBOLINHA,uam_junction,3,-23.590511689651272,-46.653202850938264,1219.0,50,0.0,0.0,0.0,UAM002;UAM004;UAM008,,69
C1,XJUNCTION012,CEBOLINHA,uam_junction,3,-23.58936597520106,-46.65172978950229,1219.0,50,0.0,0.0,0.0,UAM023;UAM035;UAM053,,70
C1,XJUNCTION013,ANA_ROSA,uam_junction,3,-23.58369056436034,-46.63672385660041,1219.0,50,0.0,0.0,0.0,UAM001;UAM003;UAM024;UAM036,,71
C1,XJUNCTION014,ANA_ROSA,uam_junction,3,-23.582272984713864,-46.63490125419782,1219.0,50,0.0,0.0,0.0,UAM007;UAM054,,72
C1,XJUNCTION015,ANA_ROSA,uam_junction,3,-23.581615904174935,-46.64176541246878,1219.0,50,0.0,0.0,0.0,UAM008;UAM053,,73
C1,XJUNCTION016,ANA_ROSA,uam_junction,3,-23.58019832452846,-46.63994281006619,1219.0,50,0.0,0.0,0.0,UAM002;UAM004;UAM023;UAM035,,74
C1,XJUNCTION017,Geometric GN_129,uam_junction,3,-23.57201626216759,-46.702958606197676,1219.0,50,0.0,0.0,0.0,UAM016;UAM045;UAM062;UAM066,,75
C1,XJUNCTION018,Geometric GN_129,uam_junction,3,-23.56982770155641,-46.698579749295924,1219.0,50,0.0,0.0,0.0,UAM015;UAM046;UAM061;UAM065,,76
C1,XJUNCTION019,Geometric GN_135,uam_junction,3,-23.56354589504475,-46.68098830446601,1219.0,50,0.0,0.0,0.0,UAM012;UAM043;UAM056;UAM058;UAM060,,77
C1,XJUNCTION020,Geometric GN_130,uam_junction,3,-23.562630800377182,-46.70853122413583,1219.0,50,0.0,0.0,0.0,UAM016;UAM045;UAM062;UAM066,,78
C1,XJUNCTION021,Geometric GN_135,uam_junction,3,-23.561058901362248,-46.676753247573586,1219.0,50,0.0,0.0,0.0,UAM011;UAM044;UAM055;UAM057;UAM059,,79
C1,XJUNCTION022,Geometric GN_130,uam_junction,3,-23.559333763197618,-46.70481052519657,1219.0,50,0.0,0.0,0.0,UAM015;UAM046;UAM061;UAM065,,80
C1,XJUNCTION023,ITAU_CTO,uam_junction,3,-23.5591386367501,-46.61355152528353,1219.0,50,0.0,0.0,0.0,UAM001;UAM003;UAM022;UAM024;UAM034;UAM036,,81
C1,XJUNCTION024,ITAU_CTO,uam_junction,3,-23.556416918805503,-46.61755958582767,1219.0,50,0.0,0.0,0.0,UAM002;UAM004;UAM021;UAM023;UAM033;UAM035,,82
C1,XJUNCTION025,ALCANTARA_MACHADO,uam_junction,3,-23.552930780995844,-46.60837831215494,1219.0,50,0.0,0.0,0.0,UAM001;UAM003;UAM022;UAM024;UAM034;UAM036,,83
C1,XJUNCTION026,ALCANTARA_MACHADO,uam_junction,3,-23.552624774559753,-46.61439946562285,1219.0,50,0.0,0.0,0.0,UAM002;UAM004;UAM021;UAM023;UAM033;UAM035,,84
C1,XJUNCTION027,Geometric GN_95,uam_junction,4,-23.535910743800176,-46.786640075771494,914.4,50,0.0,0.0,0.0,UAM006;UAM020;UAM028;UAM032;UAM040;UAM043;UAM045;UAM051;UAM058;UAM071,,85
C1,XJUNCTION028,Geometric GN_149,uam_junction,3,-23.535355519610242,-46.64152807374524,1219.0,50,0.0,0.0,0.0,UAM020;UAM026;UAM028;UAM030;UAM032;UAM038;UAM040;UAM042,,86
C1,XJUNCTION029,Geometric GN_126,uam_junction,3,-23.535255230970282,-46.75008200423485,1219.0,50,0.0,0.0,0.0,UAM045;UAM062,,87
C1,XJUNCTION030,Geometric GN_126,uam_junction,3,-23.535109057008345,-46.750126521315494,1219.0,50,0.0,0.0,0.0,UAM029;UAM041;UAM051;UAM059;UAM069;UAM071,,88
C1,XJUNCTION031,Geometric GN_126,uam_junction,3,-23.532990942991656,-46.74559347868451,1219.0,50,0.0,0.0,0.0,UAM030;UAM042;UAM052;UAM060;UAM070;UAM072,,89
C1,XJUNCTION032,SHOPPING_TATUAPE,uam_junction,4,-23.532972445391017,-46.579240141706286,914.4,50,0.0,0.0,0.0,UAM001;UAM018;UAM020;UAM022;UAM024;UAM026;UAM028;UAM030,,90
C1,XJUNCTION033,Geometric GN_126,uam_junction,3,-23.53284476902972,-46.74563799576516,1219.0,50,0.0,0.0,0.0,UAM046;UAM061,,91
C1,XJUNCTION034,Geometric GN_149,uam_junction,3,-23.531664480389757,-46.638231926254754,1219.0,50,0.0,0.0,0.0,UAM019;UAM025;UAM027;UAM029;UAM031;UAM037;UAM039;UAM041,,92
C1,XJUNCTION035,Geometric GN_95,uam_junction,4,-23.531514765733224,-46.78514040623323,914.4,50,0.0,0.0,0.0,UAM005;UAM019;UAM027;UAM031;UAM039;UAM044;UAM046;UAM052;UAM057;UAM072,,93
C1,XJUNCTION036,Geometric GN_94,uam_junction,3,-23.52972637500093,-46.80169540276628,914.4,50,0.0,0.0,0.0,UAM006;UAM020;UAM028;UAM032;UAM040;UAM043;UAM045;UAM051;UAM058;UAM071,,94
C1,XJUNCTION037,SHOPPING_TATUAPE,uam_junction,4,-23.528639113561262,-46.581531783014945,914.4,50,0.0,0.0,0.0,UAM002;UAM017;UAM019;UAM021;UAM023;UAM025;UAM027;UAM029,,95
C1,XJUNCTION038,CEBOLAO,uam_junction,3,-23.528101428313345,-46.75226068507202,1219.0,50,0.0,0.0,0.0,UAM045;UAM051;UAM071,,96
C1,XJUNCTION039,CEBOLAO,uam_junction,3,-23.526598828110682,-46.7475401885489,1219.0,50,0.0,0.0,0.0,UAM030;UAM042;UAM060;UAM061;UAM070,,97
C1,XJUNCTION040,Geometric GN_30,uam_junction,3,-23.5258389929876,-46.67705136954789,1219.0,50,0.0,0.0,0.0,UAM012;UAM020;UAM026;UAM028;UAM030;UAM032;UAM038;UAM040;UAM042;UAM043;UAM056;UAM058;UAM060,,98
C1,XJUNCTION041,CEBOLAO,uam_junction,3,-23.525623394111516,-46.75301536700669,1219.0,50,0.0,0.0,0.0,UAM029;UAM041;UAM059;UAM062;UAM069,,99
C1,XJUNCTION042,Geometric GN_94,uam_junction,3,-23.525396003261594,-46.800037359544724,914.4,50,0.0,0.0,0.0,UAM005;UAM019;UAM027;UAM031;UAM039;UAM044;UAM046;UAM052;UAM057;UAM072,,100
C1,XJUNCTION043,CEBOLAO,uam_junction,3,-23.524120793908853,-46.748294870483576,1219.0,50,0.0,0.0,0.0,UAM046;UAM052;UAM072,,101
C1,XJUNCTION044,Geometric GN_30,uam_junction,3,-23.5213534865182,-46.67608271735251,1219.0,50,0.0,0.0,0.0,UAM011;UAM019;UAM025;UAM027;UAM029;UAM031;UAM037;UAM039;UAM041;UAM044;UAM055;UAM057;UAM059,,102
C1,XJUNCTION045,Geometric GN_25,uam_junction,4,-23.520153648065616,-46.74212682564658,1219.0,50,0.0,0.0,0.0,UAM020;UAM028;UAM030;UAM032;UAM040;UAM042;UAM043;UAM058;UAM060;UAM061;UAM070,,103
C1,XJUNCTION046,Geometric GN_26,uam_junction,3,-23.518789758144766,-46.71007250171285,1219.0,50,0.0,0.0,0.0,UAM012;UAM020;UAM026;UAM028;UAM030;UAM032;UAM038;UAM040;UAM042;UAM043;UAM056;UAM058;UAM060,,104
C1,XJUNCTION048,Geometric GN_25,uam_junction,4,-23.51606374594118,-46.744986135177214,1219.0,50,0.0,0.0,0.0,UAM019;UAM027;UAM029;UAM031;UAM039;UAM041;UAM044;UAM057;UAM059;UAM062;UAM069,,105
C1,XJUNCTION049,Geometric GN_26,uam_junction,3,-23.514321479588634,-46.708912098182346,1219.0,50,0.0,0.0,0.0,UAM011;UAM019;UAM025;UAM027;UAM029;UAM031;UAM037;UAM039;UAM041;UAM044;UAM055;UAM057;UAM059,,106
C1,XREH001,Parelheiros,reh_junction,3,-23.803056,-46.734444,1066.8000000000002,50,0.0,0.0,0.0,,REH-124;REH-156;REH-157,107
C1,XREH002,Trevo Anchieta,reh_junction,3,-23.763611,-46.534167,1051.56,50,0.0,0.0,0.0,,REH-144;REH-145;REH-158,108
C1,XREH003,Trevo Imigrantes,reh_junction,4,-23.763333,-46.591111,1066.8000000000002,50,0.0,0.0,0.0,,REH-157;REH-158;REH-159;REH-160,109
C1,XREH006,Maxxi,reh_junction,3,-23.656389,-46.500556,1005.84,50,0.0,0.0,0.0,,REH-132;REH-178;REH-180,110
C1,XUAMREH009,Cruzamento UAM × REH 009,uam_reh_crossing,,-23.60037735294786,-46.786586339872684,1081.8899999999999,50,0.0,0.0,0.0,UAM014;UAM064,REH-127,111
C1,XREH004,Kentinha,reh_junction,3,-23.722222,-46.607778,,50,,,,,REH-122;REH-159;REH-208,
C1,XREH007,Empresarial,reh_junction,4,-23.6525,-46.723333,,50,,,,,REH-124;REH-184;REH-206;REH-207,
C1,XREH009,Ponte Estaiada,reh_junction,4,-23.612778,-46.699444,,50,,,,,REH-141;REH-201;REH-204;REH-205,
C1,XREH013,Rodoanel Raposo,reh_junction,4,-23.592222,-46.810278,,50,,,,,REH-127;REH-135;REH-155;REH-156,
C1,XREH016,Mailasqui,reh_junction,3,-23.566944,-47.072222,,50,,,,,REH-153;REH-191;REH-217,
C1,XREH018,Alcântara Machado,reh_junction,3,-23.552778,-46.611389,,50,,,,,REH-113;REH-126;REH-194,
C1,XREH019,Shopping Continental,reh_junction,3,-23.548056,-46.755278,,50,,,,,REH-128;REH-129;REH-199,
C1,XREH021,Brás,reh_junction,4,-23.543889,-46.617222,,50,,,,,REH-130;REH-183;REH-188;REH-194,
C1,XREH022,Shopping Tatuapé,reh_junction,3,-23.538972,-46.576321,,50,,,,,REH-120;REH-130;REH-131,
C1,XREH023,Luz,reh_junction,3,-23.535,-46.635278,,50,,,,,REH-183;REH-187;REH-195,
C1,XREH026,Cebolão,reh_junction,4,-23.526111,-46.750278,,50,,,,,REH-128;REH-167;REH-181;REH-198,
C1,XREH027,Viaduto Antártica,reh_junction,3,-23.524722,-46.670833,,50,,,,,REH-139;REH-182;REH-195,
C1,XREH028,Ponte Aricanduva,reh_junction,4,-23.523056,-46.558333,,50,,,,,REH-114;REH-120;REH-137;REH-209,
C1,XREH029,Marco Zero,reh_junction,3,-23.514444,-46.726111,,50,,,,,REH-165;REH-181;REH-182,
C1,XREH030,Rodoanel Castelo,reh_junction,4,-23.508889,-46.821389,,50,,,,,REH-135;REH-136;REH-167;REH-175,
C2,XJUNCTION043,CEBOLAO,uam_junction,3,-23.524120793908853,-46.748294870483576,1219.0,50,130.84,5.434107331555474,36.48,UAM046;UAM052;UAM072,,1
C2,XUAMREH020,Cruzamento UAM × REH 020,uam_reh_crossing,,-23.51801559902815,-46.7382529111411,1005.84,50,123.02,5.109496686715692,31.28,UAM012;UAM026;UAM038;UAM056,REH-181,2
C2,XUAMREH027,Cruzamento UAM × REH 027,uam_reh_crossing,,-23.514054899958264,-46.726723850672045,975.36,50,119.24,4.9525218499747945,22.08,UAM061;UAM070,REH-165,3
C2,XUAMREH018,Cruzamento UAM × REH 018,uam_reh_crossing,,-23.518395971076906,-46.74256801100671,1005.84,50,116.58,4.841972223825631,26.24,UAM062;UAM069,REH-181,4
C2,XJUNCTION047,Geometric GN_31,uam_junction,3,-23.518480331799573,-46.737620862360394,914.4,50,94.32,3.917139005937744,23.04,UAM012;UAM026;UAM038;UAM056;UAM062;UAM069,,5
C2,XUAMREH025,Cruzamento UAM × REH 025,uam_reh_crossing,,-23.515109439612967,-46.73455784831051,1005.84,50,91.52,3.801029673327869,21.68,UAM011;UAM025;UAM037;UAM055,REH-181,6
C2,XUAMREH041,Cruzamento UAM × REH 041,uam_reh_crossing,,-23.54266838564232,-46.604923183706596,1005.84,50,87.68,3.6415729326606714,20.96,UAM001;UAM022;UAM024,REH-130,7
C2,XUAMREH021,Cruzamento UAM × REH 021,uam_reh_crossing,,-23.54736600595645,-46.73639520953387,960.1200000000001,50,83.52,3.4688466018632895,31.44,UAM016;UAM066,REH-200,8
C2,XUAMREH040,Cruzamento UAM × REH 040,uam_reh_crossing,,-23.542635073452516,-46.60660014654001,1005.84,50,82.14,3.4116025713549063,20.64,UAM020;UAM026;UAM028;UAM030,REH-130,9
C2,XUAMREH039,Cruzamento UAM × REH 039,uam_reh_crossing,,-23.54272604596319,-46.60709499132373,1005.84,50,80.6,3.347693094053405,20.24,UAM018,REH-130,10
C2,XUAMREH016,Cruzamento UAM × REH 016,uam_reh_crossing,,-23.538606943555322,-46.74397829084542,1005.84,50,76.02,3.1575792109688563,25.04,UAM029;UAM041;UAM051;UAM059;UAM069;UAM071,REH-198,11
C2,XJUNCTION009,CEBOLINHA,uam_junction,3,-23.593967358132343,-46.649936877164315,1219.0,50,70.26,2.9176232957365995,23.52,UAM024;UAM036;UAM054,,12
C2,XUAMREH023,Cruzamento UAM × REH 023,uam_reh_crossing,,-23.546804572765158,-46.73530258979139,953.8536696531238,50,68.34,2.8383173402908453,24.48,UAM015;UAM065,REH-200,13
C2,XUAMREH012,Cruzamento UAM × REH 012,uam_reh_crossing,,-23.525568544258785,-46.75437731483486,1036.3200000000002,50,68.14,2.8298566225280246,23.52,UAM005,REH-167,14
C2,XJUNCTION039,CEBOLAO,uam_junction,3,-23.526598828110682,-46.7475401885489,1219.0,50,67.24,2.792958533919796,25.04,UAM030;UAM042;UAM060;UAM061;UAM070,,15
C2,XJUNCTION041,CEBOLAO,uam_junction,3,-23.525623394111516,-46.75301536700669,1219.0,50,67.1,2.7866243809237945,25.36,UAM029;UAM041;UAM059;UAM062;UAM069,,16
C2,XUAMREH017,Cruzamento UAM × REH 017,uam_reh_crossing,,-23.53638657640141,-46.74321939760633,1005.84,50,65.04,2.7015812274159843,19.68,UAM030;UAM042;UAM060;UAM070,REH-198,17
C2,XJUNCTION045,Geometric GN_25,uam_junction,4,-23.520153648065616,-46.74212682564658,1219.0,50,63.56,2.6396740340102287,21.68,UAM020;UAM028;UAM030;UAM032;UAM040;UAM042;UAM043;UAM058;UAM060;UAM061;UAM070,,18
C2,XUAMREH013,Cruzamento UAM × REH 013,uam_reh_crossing,,-23.524579799117795,-46.7533088495644,1036.3200000000002,50,62.74,2.6055898069367323,21.44,UAM046;UAM052;UAM072,REH-167,19
C2,XREH014,Cebolinha,reh_junction,3,-23.591667,-46.650833,1005.84,50,61.86,2.568897180437384,18.48,,REH-139;REH-140;REH-197,20
C2,XUAMREH019,Cruzamento UAM × REH 019,uam_reh_crossing,,-23.537522076083363,-46.7424579931275,1005.84,50,57.04,2.3693402696805625,17.68,UAM052;UAM072,REH-198,21
C2,XJUNCTION010,CEBOLINHA,uam_junction,3,-23.59282164368213,-46.64846381572834,1219.0,50,54.4,2.2592161735222023,20.24,UAM001;UAM003;UAM007,,22
C2,XREH020,Ponte Jaguaré,reh_junction,3,-23.545833,-46.734722,1005.84,50,50.7,2.1057501414206716,16.56,,REH-198;REH-200;REH-201,23
C2,XUAMREH037,Cruzamento UAM × REH 037,uam_reh_crossing,,-23.581283975896312,-46.6369966574914,1034.3172575530384,50,50.18,2.0837630443733817,14.64,UAM007;UAM054,REH-196,24
C2,XJUNCTION038,CEBOLAO,uam_junction,3,-23.528101428313345,-46.75226068507202,1219.0,50,45.54,1.891401061328469,20.72,UAM045;UAM051;UAM071,,25
C2,XUAMREH022,Cruzamento UAM × REH 022,uam_reh_crossing,,-23.54492364320313,-46.73569221948398,1005.84,50,42.62,1.7703146023096787,14.48,UAM015;UAM065,REH-198,26
C2,XUAMREH038,Cruzamento UAM × REH 038,uam_reh_crossing,,-23.575679144046994,-46.62970722266726,1032.9326400277964,50,38.98,1.6185806578851165,12.88,UAM022;UAM034,REH-196,27
C2,XUAMREH005,Cruzamento UAM × REH 005,uam_reh_crossing,,-23.52476013178882,-46.81689311953052,975.36,50,38.56,1.6013126512816367,18.8,UAM005;UAM019;UAM031;UAM044;UAM046;UAM052,REH-135,28
C2,XUAMREH006,Cruzamento UAM × REH 006,uam_reh_crossing,,-23.524442660816746,-46.81684682966029,975.36,50,38.56,1.6013126512816367,18.8,UAM027;UAM039;UAM057;UAM072,REH-135,29
C2,XUAMREH034,Cruzamento UAM × REH 034,uam_reh_crossing,,-23.612699209237856,-46.701270116014804,1066.65,50,37.9,1.5735918426247677,13.52,UAM016,REH-204,30
C2,XREH010,Avenida Morumbi,reh_junction,3,-23.611667,-46.712778,1036.3200000000002,50,36.94,1.5338780896087554,11.6,,REH-202;REH-203;REH-204,31
C2,XJUNCTION013,ANA_ROSA,uam_junction,3,-23.58369056436034,-46.63672385660041,1219.0,50,34.48,1.431912561619007,14.0,UAM001;UAM003;UAM024;UAM036,,32
C2,XUAMREH028,Cruzamento UAM × REH 028,uam_reh_crossing,,-23.611397970163665,-46.71570068121483,1081.8899999999999,50,33.88,1.406796321523264,11.44,UAM006,REH-203,33
C2,XREH017,Extra Jaguaré,reh_junction,3,-23.557222,-46.7475,1005.84,50,31.32,1.3007511515683263,10.72,,REH-199;REH-200;REH-202,34
C2,XJUNCTION016,ANA_ROSA,uam_junction,3,-23.58019832452846,-46.63994281006619,1219.0,50,30.76,1.2774322469916841,12.64,UAM002;UAM004;UAM023;UAM035,,35
C2,XUAMREH029,Cruzamento UAM × REH 029,uam_reh_crossing,,-23.612599208788925,-46.708582576571175,1066.65,50,30.5,1.2664596364238079,13.12,UAM014,REH-204,36
C2,XJUNCTION031,Geometric GN_126,uam_junction,3,-23.532990942991656,-46.74559347868451,1219.0,50,30.16,1.2525347914093194,15.04,UAM030;UAM042;UAM052;UAM060;UAM070;UAM072,,37
C2,XUAMREH030,Cruzamento UAM × REH 030,uam_reh_crossing,,-23.612763990761376,-46.70773960938346,1066.65,50,30.1,1.2499132446712307,13.12,UAM006;UAM064,REH-204,38
C2,XJUNCTION027,Geometric GN_95,uam_junction,4,-23.535910743800176,-46.786640075771494,914.4,50,30.0,1.245903591507833,17.2,UAM006;UAM020;UAM028;UAM032;UAM040;UAM043;UAM045;UAM051;UAM058;UAM071,,39
C2,XJUNCTION036,Geometric GN_94,uam_junction,3,-23.52972637500093,-46.80169540276628,914.4,50,30.0,1.245903591507833,17.2,UAM006;UAM020;UAM028;UAM032;UAM040;UAM043;UAM045;UAM051;UAM058;UAM071,,40
C2,XJUNCTION011,CEBOLINHA,uam_junction,3,-23.590511689651272,-46.653202850938264,1219.0,50,29.6,1.2293226546295548,14.08,UAM002;UAM004;UAM008,,41
C2,XJUNCTION040,Geometric GN_30,uam_junction,3,-23.5258389929876,-46.67705136954789,1219.0,50,29.48,1.2242091505908883,20.4,UAM012;UAM020;UAM026;UAM028;UAM030;UAM032;UAM038;UAM040;UAM042;UAM043;UAM056;UAM058;UAM060,,42
C2,XJUNCTION033,Geometric GN_126,uam_junction,3,-23.53284476902972,-46.74563799576516,1219.0,50,29.38,1.2201461135290517,14.8,UAM046;UAM061,,43
C2,XJUNCTION035,Geometric GN_95,uam_junction,4,-23.531514765733224,-46.78514040623323,914.4,50,29.0,1.2043734717909051,17.6,UAM005;UAM019;UAM027;UAM031;UAM039;UAM044;UAM046;UAM052;UAM057;UAM072,,44
C2,XJUNCTION042,Geometric GN_94,uam_junction,3,-23.525396003261594,-46.800037359544724,914.4,50,29.0,1.2043734717909051,17.36,UAM005;UAM019;UAM027;UAM031;UAM039;UAM044;UAM046;UAM052;UAM057;UAM072,,45
C2,XJUNCTION015,ANA_ROSA,uam_junction,3,-23.581615904174935,-46.64176541246878,1219.0,50,28.76,1.1943899246910872,13.52,UAM008;UAM053,,46
C2,XJUNCTION023,ITAU_CTO,uam_junction,3,-23.5591386367501,-46.61355152528353,1219.0,50,27.56,1.1445262907762936,15.44,UAM001;UAM003;UAM022;UAM024;UAM034;UAM036,,47
C2,XUAMREH010,Cruzamento UAM × REH 010,uam_reh_crossing,,-23.599111511739473,-46.78092372499159,1081.8899999999999,50,27.5,1.141711353674821,11.36,UAM013;UAM063,REH-127,48
C2,XJUNCTION005,PONTE_ESTAIADA,uam_junction,3,-23.610516853220588,-46.69903042810522,1219.0,50,26.52,1.1010503957854716,12.56,UAM005;UAM013,,49
C2,XUAMREH031,Cruzamento UAM × REH 031,uam_reh_crossing,,-23.611550190365055,-46.70746402773739,1066.65,50,26.14,1.085432568314843,11.36,UAM005,REH-204,50
C2,XUAMREH032,Cruzamento UAM × REH 032,uam_reh_crossing,,-23.611641354291702,-46.706194188631684,1066.65,50,25.2,1.0464022619611102,11.28,UAM013,REH-204,51
C2,XJUNCTION046,Geometric GN_26,uam_junction,3,-23.518789758144766,-46.71007250171285,1219.0,50,24.76,1.0283047201794793,19.68,UAM012;UAM020;UAM026;UAM028;UAM030;UAM032;UAM038;UAM040;UAM042;UAM043;UAM056;UAM058;UAM060,,52
C2,XUAMREH033,Cruzamento UAM × REH 033,uam_reh_crossing,,-23.611693435361,-46.70497560667669,1066.65,50,24.46,1.0157237486675672,11.12,UAM063,REH-204,53
C2,XUAMREH024,Cruzamento UAM × REH 024,uam_reh_crossing,,-23.611375251670935,-46.7350012042358,1081.8899999999999,50,24.26,1.0071383575191544,10.96,UAM014;UAM064,REH-203,54
C2,XJUNCTION049,Geometric GN_26,uam_junction,3,-23.514321479588634,-46.708912098182346,1219.0,50,23.52,0.9767650993023247,19.84,UAM011;UAM019;UAM025;UAM027;UAM029;UAM031;UAM037;UAM039;UAM041;UAM044;UAM055;UAM057;UAM059,,55
C2,XJUNCTION044,Geometric GN_30,uam_junction,3,-23.5213534865182,-46.67608271735251,1219.0,50,23.0,0.9551927534893386,20.32,UAM011;UAM019;UAM025;UAM027;UAM029;UAM031;UAM037;UAM039;UAM041;UAM044;UAM055;UAM057;UAM059,,56
C2,XJUNCTION012,CEBOLINHA,uam_junction,3,-23.58936597520106,-46.65172978950229,1219.0,50,22.74,0.9443848258505443,11.52,UAM023;UAM035;UAM053,,57
C2,XREH011,Extra Taboão,reh_junction,4,-23.608611,-46.751667,1066.8000000000002,50,22.5,0.934060755090182,9.76,,REH-127;REH-129;REH-184;REH-203,58
C2,XUAMREH009,Cruzamento UAM × REH 009,uam_reh_crossing,,-23.60037735294786,-46.786586339872684,1081.8899999999999,50,22.5,0.934060755090182,9.6,UAM014;UAM064,REH-127,59
C2,XJUNCTION030,Geometric GN_126,uam_junction,3,-23.535109057008345,-46.750126521315494,1219.0,50,22.08,0.916996515471614,13.2,UAM029;UAM041;UAM051;UAM059;UAM069;UAM071,,60
C2,XUAMREH042,Cruzamento UAM × REH 042,uam_reh_crossing,,-23.51487143285906,-46.560596399815815,944.88,50,21.58,0.8962220419990534,13.92,UAM001;UAM018;UAM020;UAM022;UAM024;UAM026;UAM028;UAM030,REH-209,61
C2,XUAMREH035,Cruzamento UAM × REH 035,uam_reh_crossing,,-23.606858335822476,-46.69770020170488,1005.84,50,21.14,0.8776000931259934,9.12,UAM063,REH-201,62
C2,XJUNCTION029,Geometric GN_126,uam_junction,3,-23.535255230970282,-46.75008200423485,1219.0,50,21.06,0.8746153319248989,12.96,UAM045;UAM062,,63
C2,XJUNCTION032,SHOPPING_TATUAPE,uam_junction,4,-23.532972445391017,-46.579240141706286,914.4,50,21.0,0.8721325140554831,14.0,UAM001;UAM018;UAM020;UAM022;UAM024;UAM026;UAM028;UAM030,,64
C2,XUAMREH015,Cruzamento UAM × REH 015,uam_reh_crossing,,-23.610853961184617,-46.75146609543743,1081.8899999999999,50,20.2,0.8386050669006362,10.0,UAM014;UAM064,REH-184,65
C2,XUAMREH036,Cruzamento UAM × REH 036,uam_reh_crossing,,-23.613195941670394,-46.69757502277295,1034.1961159440584,50,19.22,0.7981943408642246,9.92,UAM064,REH-141,66
C2,XJUNCTION021,Geometric GN_135,uam_junction,3,-23.561058901362248,-46.676753247573586,1219.0,50,18.74,0.7782301809030143,12.56,UAM011;UAM044;UAM055;UAM057;UAM059,,67
C2,XJUNCTION048,Geometric GN_25,uam_junction,4,-23.51606374594118,-46.744986135177214,1219.0,50,18.0,0.7475421549046998,16.32,UAM019;UAM027;UAM029;UAM031;UAM039;UAM041;UAM044;UAM057;UAM059;UAM062;UAM069,,68
C2,XUAMREH043,Cruzamento UAM × REH 043,uam_reh_crossing,,-23.506044065323877,-46.55954122825937,944.88,50,17.58,0.7301015631313423,14.48,UAM002;UAM017;UAM019;UAM021;UAM023;UAM025;UAM027;UAM029,REH-209,69
C2,XJUNCTION050,Geometric GN_31,uam_junction,3,-23.514022994171626,-46.735263320477685,914.4,50,17.24,0.7164631517376463,10.8,UAM011;UAM025;UAM037;UAM055;UAM061;UAM070,,70
C2,XJUNCTION037,SHOPPING_TATUAPE,uam_junction,4,-23.528639113561262,-46.581531783014945,914.4,50,17.0,0.706012035187772,14.56,UAM002;UAM017;UAM019;UAM021;UAM023;UAM025;UAM027;UAM029,,71
C2,XJUNCTION014,ANA_ROSA,uam_junction,3,-23.582272984713864,-46.63490125419782,1219.0,50,16.92,0.702687106282926,9.28,UAM007;UAM054,,72
C2,XJUNCTION026,ALCANTARA_MACHADO,uam_junction,3,-23.552624774559753,-46.61439946562285,1219.0,50,16.32,0.6777465202818408,10.8,UAM002;UAM004;UAM021;UAM023;UAM033;UAM035,,73
C2,XUAMREH026,Cruzamento UAM × REH 026,uam_reh_crossing,,-23.608843875531957,-46.732732167671394,1081.8899999999999,50,16.06,0.6669380442771768,8.96,UAM013;UAM063,REH-203,74
C2,XUAMREH002,Cruzamento UAM × REH 002,uam_reh_crossing,,-23.508223166638402,-46.82799249183902,1036.3200000000002,50,15.94,0.6618468212096374,8.16,UAM068,REH-175,75
C2,XUAMREH001,Cruzamento UAM × REH 001,uam_reh_crossing,,-23.507748668659346,-46.8329591731143,1036.3200000000002,50,15.94,0.6618468212096374,8.08,UAM067,REH-175,76
C2,XJUNCTION002,PONTE_ESTAIADA,uam_junction,3,-23.615038702335013,-46.69985846078359,1219.0,50,14.34,0.5954567406671977,9.36,UAM006;UAM014,,77
C2,XJUNCTION028,Geometric GN_149,uam_junction,3,-23.535355519610242,-46.64152807374524,1219.0,50,14.0,0.5814216760369887,18.96,UAM020;UAM026;UAM028;UAM030;UAM032;UAM038;UAM040;UAM042,,78
C2,XJUNCTION007,CLUBE_SIRIO,uam_junction,4,-23.60810696321042,-46.65030859567146,1219.0,50,14.0,0.5814216760369887,9.52,UAM001;UAM003;UAM007;UAM009;UAM011,,79
C2,XJUNCTION020,Geometric GN_130,uam_junction,3,-23.562630800377182,-46.70853122413583,1219.0,50,13.06,0.5423743741894768,8.24,UAM016;UAM045;UAM062;UAM066,,80
C2,XJUNCTION024,ITAU_CTO,uam_junction,3,-23.556416918805503,-46.61755958582767,1219.0,50,13.0,0.5398915563200609,11.28,UAM002;UAM004;UAM021;UAM023;UAM033;UAM035,,81
C2,XJUNCTION017,Geometric GN_129,uam_junction,3,-23.57201626216759,-46.702958606197676,1219.0,50,13.0,0.5398915563200609,8.24,UAM016;UAM045;UAM062;UAM066,,82
C2,XJUNCTION018,Geometric GN_129,uam_junction,3,-23.56982770155641,-46.698579749295924,1219.0,50,12.14,0.5041863597357069,8.48,UAM015;UAM046;UAM061;UAM065,,83
C2,XJUNCTION022,Geometric GN_130,uam_junction,3,-23.559333763197618,-46.70481052519657,1219.0,50,12.0,0.4983614366031332,8.48,UAM015;UAM046;UAM061;UAM065,,84
C2,XJUNCTION034,Geometric GN_149,uam_junction,3,-23.531664480389757,-46.638231926254754,1219.0,50,10.0,0.41530119716927766,13.84,UAM019;UAM025;UAM027;UAM029;UAM031;UAM037;UAM039;UAM041,,85
C2,XUAMREH003,Cruzamento UAM × REH 003,uam_reh_crossing,,-23.52939920512159,-46.817572139651965,975.36,50,9.56,0.39693917949073165,6.24,UAM028;UAM040;UAM058;UAM071,REH-135,86
C2,XUAMREH004,Cruzamento UAM × REH 004,uam_reh_crossing,,-23.52908716642037,-46.81752664926729,975.36,50,9.56,0.39693917949073165,6.24,UAM006;UAM020;UAM032;UAM043;UAM045;UAM051,REH-135,87
C2,XJUNCTION006,AVENIDA_MORUMBI,uam_junction,3,-23.609389520520164,-46.71255842051052,1219.0,50,8.94,0.37126157629212314,7.28,UAM013;UAM063,,88
C2,XJUNCTION003,AVENIDA_MORUMBI,uam_junction,3,-23.613943812813236,-46.712997135045086,1219.0,50,8.78,0.36467405517522694,7.92,UAM014;UAM064,,89
C2,XJUNCTION025,ALCANTARA_MACHADO,uam_junction,3,-23.552930780995844,-46.60837831215494,1219.0,50,6.88,0.28567683548639095,5.2,UAM001;UAM003;UAM022;UAM024;UAM034;UAM036,,90
C2,XREH024,Elevado Aricanduva,reh_junction,4,-23.535,-46.548333,944.88,50,6.7,0.2783152083982714,5.68,,REH-114;REH-131;REH-170;REH-174,91
C2,XUAMREH008,Cruzamento UAM × REH 008,uam_reh_crossing,,-23.594339775079746,-46.81135475714673,1081.8899999999999,50,6.44,0.2674016385557005,6.08,UAM014;UAM064,REH-156,92
C2,XJUNCTION008,CLUBE_SIRIO,uam_junction,4,-23.607448592345182,-46.65524695988414,1219.0,50,6.0,0.2491807183015666,6.56,UAM002;UAM004;UAM008;UAM010;UAM012,,93
C2,XUAMREH007,Cruzamento UAM × REH 007,uam_reh_crossing,,-23.59194078652076,-46.81353096512953,1066.8000000000002,50,5.16,0.2142829009901371,5.6,UAM014;UAM064,REH-155,94
C2,XJUNCTION004,Geometric GN_143,uam_junction,3,-23.613248832428837,-46.686955696062455,1219.0,50,5.14,0.2134751599881476,7.04,UAM005;UAM013;UAM015,,95
C2,XJUNCTION051,IMPERIAL,uam_junction,3,-23.483821783773077,-46.81114081009397,914.4,50,5.0,0.20765059858463883,5.2,UAM047;UAM068,,96
C2,XUAMREH014,Cruzamento UAM × REH 014,uam_reh_crossing,,-23.606158087947897,-46.75165877683205,1081.8899999999999,50,5.0,0.20765059858463883,4.72,UAM013;UAM063,REH-129,97
C2,XREH015,Vd Grande São Paulo,reh_junction,3,-23.586667,-46.598056,1005.84,50,4.92,0.2044400953579386,4.64,,REH-173;REH-177;REH-185,98
C2,XJUNCTION001,Geometric GN_143,uam_junction,3,-23.617431167571162,-46.68928430393754,1219.0,50,4.04,0.16777855446908563,6.8,UAM006;UAM014;UAM016,,99
C2,XJUNCTION052,IMPERIAL,uam_junction,3,-23.479928950546952,-46.81385369960042,914.4,50,4.0,0.16612047886771106,4.96,UAM048;UAM067,,100
C2,XUAMREH011,Cruzamento UAM × REH 011,uam_reh_crossing,,-23.551309998543285,-46.75515135898698,1081.8899999999999,50,3.98,0.1654534677887964,4.96,UAM006,REH-129,101
C2,XREH025,Suzano,reh_junction,3,-23.534167,-46.308056,1036.3200000000002,50,2.96,0.12287982706272152,3.92,,REH-116;REH-134;REH-169,102
C2,XJUNCTION019,Geometric GN_135,uam_junction,3,-23.56354589504475,-46.68098830446601,1219.0,50,1.8,0.07469108337854946,3.44,UAM012;UAM043;UAM056;UAM058;UAM060,,103
C2,XREH012,Entroncamento,reh_junction,3,-23.603611,-46.600556,1005.84,50,1.08,0.044898914043168904,2.48,,REH-143;REH-185;REH-186,104
C2,XREH005,Mercedes,reh_junction,4,-23.666111,-46.573333,1005.84,50,1.08,0.044881183546715005,2.48,,REH-122;REH-123;REH-143;REH-144,105
C2,XREH031,Gm,reh_junction,3,-23.440833,-46.257222,1051.56,50,0.34,0.014098119008862361,1.2,,REH-116;REH-117;REH-138,106
C2,XREH008,Estação Saladino,reh_junction,3,-23.6375,-46.535,1005.84,50,0.14,0.005781786941580756,0.48,,REH-121;REH-123;REH-178,107
C2,XREH001,Parelheiros,reh_junction,3,-23.803056,-46.734444,1066.8000000000002,50,0.0,0.0,0.0,,REH-124;REH-156;REH-157,108
C2,XREH002,Trevo Anchieta,reh_junction,3,-23.763611,-46.534167,1051.56,50,0.0,0.0,0.0,,REH-144;REH-145;REH-158,109
C2,XREH003,Trevo Imigrantes,reh_junction,4,-23.763333,-46.591111,1066.8000000000002,50,0.0,0.0,0.0,,REH-157;REH-158;REH-159;REH-160,110
C2,XREH006,Maxxi,reh_junction,3,-23.656389,-46.500556,1005.84,50,0.0,0.0,0.0,,REH-132;REH-178;REH-180,111
C2,XREH004,Kentinha,reh_junction,3,-23.722222,-46.607778,,50,,,,,REH-122;REH-159;REH-208,
C2,XREH007,Empresarial,reh_junction,4,-23.6525,-46.723333,,50,,,,,REH-124;REH-184;REH-206;REH-207,
C2,XREH009,Ponte Estaiada,reh_junction,4,-23.612778,-46.699444,,50,,,,,REH-141;REH-201;REH-204;REH-205,
C2,XREH013,Rodoanel Raposo,reh_junction,4,-23.592222,-46.810278,,50,,,,,REH-127;REH-135;REH-155;REH-156,
C2,XREH016,Mailasqui,reh_junction,3,-23.566944,-47.072222,,50,,,,,REH-153;REH-191;REH-217,
C2,XREH018,Alcântara Machado,reh_junction,3,-23.552778,-46.611389,,50,,,,,REH-113;REH-126;REH-194,
C2,XREH019,Shopping Continental,reh_junction,3,-23.548056,-46.755278,,50,,,,,REH-128;REH-129;REH-199,
C2,XREH021,Brás,reh_junction,4,-23.543889,-46.617222,,50,,,,,REH-130;REH-183;REH-188;REH-194,
C2,XREH022,Shopping Tatuapé,reh_junction,3,-23.538972,-46.576321,,50,,,,,REH-120;REH-130;REH-131,
C2,XREH023,Luz,reh_junction,3,-23.535,-46.635278,,50,,,,,REH-183;REH-187;REH-195,
C2,XREH026,Cebolão,reh_junction,4,-23.526111,-46.750278,,50,,,,,REH-128;REH-167;REH-181;REH-198,
C2,XREH027,Viaduto Antártica,reh_junction,3,-23.524722,-46.670833,,50,,,,,REH-139;REH-182;REH-195,
C2,XREH028,Ponte Aricanduva,reh_junction,4,-23.523056,-46.558333,,50,,,,,REH-114;REH-120;REH-137;REH-209,
C2,XREH029,Marco Zero,reh_junction,3,-23.514444,-46.726111,,50,,,,,REH-165;REH-181;REH-182,
C2,XREH030,Rodoanel Castelo,reh_junction,4,-23.508889,-46.821389,,50,,,,,REH-135;REH-136;REH-167;REH-175,
