route,id,name,lat,lon,type,altitude,height,width
SBSP-SBGR (Parallel 1),1,SBSP,-23.626111,-46.656389,Airport,760,305,457
SBSP-SBGR (Parallel 1),2,CLUBE_SIRIO,-23.60810696321042,-46.65030859567146,Waypoint,1219,305,457
SBSP-SBGR (Parallel 1),3,CEBOLINHA,-23.59282164368213,-46.64846381572834,Waypoint,1219,305,457
SBSP-SBGR (Parallel 1),4,ANA_ROSA,-23.58369056436034,-46.63672385660041,Waypoint,1219,305,457
SBSP-SBGR (Parallel 1),5,PARQUE_ACLIMACAO,-23.576009721284525,-46.62676720816882,Waypoint,1219,305,457
SBSP-SBGR (Parallel 1),6,ITAU_CTO,-23.5591386367501,-46.61355152528353,Waypoint,1219,305,457
SBSP-SBGR (Parallel 1),7,ALCANTARA_MACHADO,-23.552930780995844,-46.60837831215494,Waypoint,1219,305,457
SBSP-SBGR (Parallel 1),8,BRAS,-23.54569669218368,-46.61312568293789,Waypoint,1219,305,457
SBSP-SBGR (Parallel 1),9,SHOPPING_TATUAPE,-23.532972445391017,-46.579240141706286,Waypoint,914.4,305,457
SBSP-SBGR (Parallel 1),10,PONTE_ARICANDUVA,-23.518684800580004,-46.56385449621903,Waypoint,914.4,305,457
SBSP-SBGR (Parallel 1),11,BARRAGEM_TIETE,-23.496914029887687,-46.54618316219257,Waypoint,914.4,305,457
SBSP-SBGR (Parallel 1),12,DUMONT,-23.476915994257524,-46.47468243478397,Waypoint,914.4,305,457
SBSP-SBGR (Parallel 1),13,SBGR,-23.435556,-46.473056,Airport,760,305,457
SBSP-SBGR (Parallel 2),1,SBSP,-23.626111,-46.656389,Airport,760,305,457
SBSP-SBGR (Parallel 2),2,CLUBE_SIRIO,-23.607448592345182,-46.65524695988414,Waypoint,1219,305,457
SBSP-SBGR (Parallel 2),3,CEBOLINHA,-23.590511689651272,-46.653202850938264,Waypoint,1219,305,457
SBSP-SBGR (Parallel 2),4,ANA_ROSA,-23.58019832452846,-46.63994281006619,Waypoint,1219,305,457
SBSP-SBGR (Parallel 2),5,PARQUE_ACLIMACAO,-23.572879167604274,-46.630455014053375,Waypoint,1219,305,457
SBSP-SBGR (Parallel 2),6,ITAU_CTO,-23.556416918805503,-46.61755958582767,Waypoint,1219,305,457
SBSP-SBGR (Parallel 2),7,ALCANTARA_MACHADO,-23.552624774559753,-46.61439946562285,Waypoint,1219,305,457
SBSP-SBGR (Parallel 2),8,BRAS,-23.542081085594123,-46.621318761506515,Waypoint,1219,305,457
SBSP-SBGR (Parallel 2),9,SHOPPING_TATUAPE,-23.528639113561262,-46.581531783014945,Waypoint,914.4,305,457
SBSP-SBGR (Parallel 2),10,PONTE_ARICANDUVA,-23.51568515204849,-46.567643578337446,Waypoint,914.4,305,457
SBSP-SBGR (Parallel 2),11,BARRAGEM_TIETE,-23.49303503774274,-46.54928049261596,Waypoint,914.4,305,457
SBSP-SBGR (Parallel 2),12,DUMONT,-23.473696062246297,-46.479965480183,Waypoint,914.4,305,457
SBSP-SBGR (Parallel 2),13,SBGR,-23.435556,-46.473056,Airport,760,305,457
SBSP-SBMT (Parallel 1),1,SBSP,-23.626111,-46.656389,Airport,760,305,457
SBSP-SBMT (Parallel 1),2,CLUBE_SIRIO,-23.60810696321042,-46.65030859567146,Waypoint,1219,305,457
SBSP-SBMT (Parallel 1),3,CEBOLINHA,-23.59282164368213,-46.64846381572834,Waypoint,1219,305,457
SBSP-SBMT (Parallel 1),4,ANA_ROSA,-23.58369056436034,-46.63672385660041,Waypoint,1219,305,457
SBSP-SBMT (Parallel 1),5,PARQUE_ACLIMACAO,-23.576009721284525,-46.62676720816882,Waypoint,1219,305,457
SBSP-SBMT (Parallel 1),6,ITAU_CTO,-23.5591386367501,-46.61355152528353,Waypoint,1219,305,457
SBSP-SBMT (Parallel 1),7,ALCANTARA_MACHADO,-23.552930780995844,-46.60837831215494,Waypoint,1219,305,457
SBSP-SBMT (Parallel 1),8,BRAS,-23.542856261727895,-46.61498971542449,Waypoint,1219,305,457
SBSP-SBMT (Parallel 1),9,SBMT,-23.509,-46.633,Airport,760,305,457
SBSP-SBMT (Parallel 2),1,SBSP,-23.626111,-46.656389,Airport,760,305,457
SBSP-SBMT (Parallel 2),2,CLUBE_SIRIO,-23.607448592345182,-46.65524695988414,Waypoint,1219,305,457
SBSP-SBMT (Parallel 2),3,CEBOLINHA,-23.590511689651272,-46.653202850938264,Waypoint,1219,305,457
SBSP-SBMT (Parallel 2),4,ANA_ROSA,-23.58019832452846,-46.63994281006619,Waypoint,1219,305,457
SBSP-SBMT (Parallel 2),5,PARQUE_ACLIMACAO,-23.572879167604274,-46.630455014053375,Waypoint,1219,305,457
SBSP-SBMT (Parallel 2),6,ITAU_CTO,-23.556416918805503,-46.61755958582767,Waypoint,1219,305,457
SBSP-SBMT (Parallel 2),7,ALCANTARA_MACHADO,-23.552624774559753,-46.61439946562285,Waypoint,1219,305,457
SBSP-SBMT (Parallel 2),8,BRAS,-23.544921516049907,-46.619454729019914,Waypoint,1219,305,457
SBSP-SBMT (Parallel 2),9,SBMT,-23.509,-46.633,Airport,760,305,457
SBSP-VP-001 (Parallel 1),1,SBSP,-23.626111,-46.656389,Airport,760,305,457
SBSP-VP-001 (Parallel 1),2,WASHINGTON_LUIS,-23.630563721805622,-46.66859946540812,Waypoint,1219,305,457
SBSP-VP-001 (Parallel 1),3,Geometric GN_144,-23.621466646799245,-46.676353438144154,Geometric Node,1219,305,457
SBSP-VP-001 (Parallel 1),4,Geometric GN_143,-23.613248832428837,-46.686955696062455,Geometric Node,1219,305,457
SBSP-VP-001 (Parallel 1),5,PONTE_ESTAIADA,-23.610516853220588,-46.69903042810522,Waypoint,1219,305,457
SBSP-VP-001 (Parallel 1),6,AVENIDA_MORUMBI,-23.60946509000826,-46.71165158665334,Waypoint,1219,305,457
SBSP-VP-001 (Parallel 1),7,Geometric GN_142,-23.600798797887954,-46.72108787857553,Geometric Node,1219,305,457
SBSP-VP-001 (Parallel 1),8,EXTRA_JAGUARE,-23.555999563062727,-46.74537818213205,Waypoint,1219,305,457
SBSP-VP-001 (Parallel 1),9,SHOPPING_CONTINENTAL,-23.54748722357915,-46.75260077320909,Waypoint,1219,305,457
SBSP-VP-001 (Parallel 1),10,CEBOLAO,-23.52428591336908,-46.74731439873086,Waypoint,1219,305,457
SBSP-VP-001 (Parallel 1),11,Geometric GN_95,-23.531514765733224,-46.78514040623323,Geometric Node,914.4,305,457
SBSP-VP-001 (Parallel 1),12,Geometric GN_94,-23.525396003261594,-46.800037359544724,Geometric Node,914.4,305,457
SBSP-VP-001 (Parallel 1),13,RODOANEL_CASTELO,-23.524213115023954,-46.8312133140757,Waypoint,914.4,305,457
SBSP-VP-001 (Parallel 1),14,VP-001,-23.4866666666667,-46.8566666666667,Vertiport,760,305,457
SBSP-VP-001 (Parallel 2),1,SBSP,-23.626111,-46.656389,Airport,760,305,457
SBSP-VP-001 (Parallel 2),2,WASHINGTON_LUIS,-23.63665850041658,-46.669733867925274,Waypoint,1219,305,457
SBSP-VP-001 (Parallel 2),3,Geometric GN_144,-23.624653353200753,-46.67996656185584,Geometric Node,1219,305,457
SBSP-VP-001 (Parallel 2),4,Geometric GN_143,-23.617431167571162,-46.68928430393754,Geometric Node,1219,305,457
SBSP-VP-001 (Parallel 2),5,PONTE_ESTAIADA,-23.615038702335013,-46.69985846078359,Waypoint,1219,305,457
SBSP-VP-001 (Parallel 2),6,AVENIDA_MORUMBI,-23.61386824332514,-46.713903968902265,Waypoint,1219,305,457
SBSP-VP-001 (Parallel 2),7,Geometric GN_142,-23.60350120211205,-46.72519212142447,Geometric Node,1219,305,457
SBSP-VP-001 (Parallel 2),8,EXTRA_JAGUARE,-23.558444881381675,-46.749621817867954,Waypoint,1219,305,457
SBSP-VP-001 (Parallel 2),9,SHOPPING_CONTINENTAL,-23.54862388753205,-46.75795478234651,Waypoint,1219,305,457
SBSP-VP-001 (Parallel 2),10,CEBOLAO,-23.527936308853118,-46.753241156824735,Waypoint,1219,305,457
SBSP-VP-001 (Parallel 2),11,Geometric GN_95,-23.535910743800176,-46.786640075771494,Geometric Node,914.4,305,457
SBSP-VP-001 (Parallel 2),12,Geometric GN_94,-23.52972637500093,-46.80169540276628,Geometric Node,914.4,305,457
SBSP-VP-001 (Parallel 2),13,RODOANEL_CASTELO,-23.528440976139947,-46.83330837205112,Waypoint,914.4,305,457
SBSP-VP-001 (Parallel 2),14,VP-001,-23.4866666666667,-46.8566666666667,Vertiport,760,305,457
SBSP-VP-002 (Parallel 1),1,SBSP,-23.626111,-46.656389,Airport,760,305,457
SBSP-VP-002 (Parallel 1),2,CLUBE_SIRIO,-23.60810696321042,-46.65030859567146,Waypoint,1219,305,457
SBSP-VP-002 (Parallel 1),3,CEBOLINHA,-23.59282164368213,-46.64846381572834,Waypoint,1219,305,457
SBSP-VP-002 (Parallel 1),4,ANA_ROSA,-23.582272984713864,-46.63490125419782,Waypoint,1219,305,457
SBSP-VP-002 (Parallel 1),5,VP-002,-23.5622222222222,-46.655,Vertiport,760,305,457
SBSP-VP-002 (Parallel 2),1,SBSP,-23.626111,-46.656389,Airport,760,305,457
SBSP-VP-002 (Parallel 2),2,CLUBE_SIRIO,-23.607448592345182,-46.65524695988414,Waypoint,1219,305,457
SBSP-VP-002 (Parallel 2),3,CEBOLINHA,-23.590511689651272,-46.653202850938264,Waypoint,1219,305,457
SBSP-VP-002 (Parallel 2),4,ANA_ROSA,-23.581615904174935,-46.64176541246878,Waypoint,1219,305,457
SBSP-VP-002 (Parallel 2),5,VP-002,-23.5622222222222,-46.655,Vertiport,760,305,457
SBSP-VP-003 (Parallel 1),1,SBSP,-23.626111,-46.656389,Airport,760,305,457
SBSP-VP-003 (Parallel 1),2,CLUBE_SIRIO,-23.60810696321042,-46.65030859567146,Waypoint,1219,305,457
SBSP-VP-003 (Parallel 1),3,CEBOLINHA,-23.58942479022261,-46.64805385065563,Waypoint,1219,305,457
SBSP-VP-003 (Parallel 1),4,VP-003,-23.5911111111111,-46.6855555555556,Vertiport,760,305,457
SBSP-VP-003 (Parallel 2),1,SBSP,-23.626111,-46.656389,Airport,760,305,457
SBSP-VP-003 (Parallel 2),2,CLUBE_SIRIO,-23.607448592345182,-46.65524695988414,Waypoint,1219,305,457
SBSP-VP-003 (Parallel 2),3,CEBOLINHA,-23.593908543110793,-46.65361281601098,Waypoint,1219,305,457
SBSP-VP-003 (Parallel 2),4,VP-003,-23.5911111111111,-46.6855555555556,Vertiport,760,305,457
SBSP-VP-004 (Parallel 1),1,SBSP,-23.626111,-46.656389,Airport,760,305,457
SBSP-VP-004 (Parallel 1),2,CLUBE_SIRIO,-23.60810696321042,-46.65030859567146,Waypoint,1219,305,457
SBSP-VP-004 (Parallel 1),3,CEBOLINHA,-23.591117019552055,-46.64825808522988,Waypoint,1219,305,457
SBSP-VP-004 (Parallel 1),4,Geometric GN_133,-23.580448517696226,-46.6556796985332,Geometric Node,1219,305,457
SBSP-VP-004 (Parallel 1),5,Geometric GN_134,-23.570097488954858,-46.66846165069117,Geometric Node,1219,305,457
SBSP-VP-004 (Parallel 1),6,Geometric GN_135,-23.561058901362248,-46.676753247573586,Geometric Node,1219,305,457
SBSP-VP-004 (Parallel 1),7,Geometric GN_136,-23.556809899514626,-46.67893676241192,Geometric Node,1219,305,457
SBSP-VP-004 (Parallel 1),8,Geometric GN_137,-23.55371221376462,-46.677016197246964,Geometric Node,1219,305,457
SBSP-VP-004 (Parallel 1),9,VD_ANTARTICA,-23.522995162798267,-46.667722999370795,Waypoint,1219,305,457
SBSP-VP-004 (Parallel 1),10,Geometric GN_30,-23.5213534865182,-46.67608271735251,Geometric Node,1219,305,457
SBSP-VP-004 (Parallel 1),11,Geometric GN_29,-23.52029907971026,-46.68240915820047,Geometric Node,1219,305,457
SBSP-VP-004 (Parallel 1),12,Geometric GN_28,-23.519275355595877,-46.69182742005227,Geometric Node,1219,305,457
SBSP-VP-004 (Parallel 1),13,Geometric GN_27,-23.517682496079757,-46.69819885811685,Geometric Node,1219,305,457
SBSP-VP-004 (Parallel 1),14,Geometric GN_26,-23.514321479588634,-46.708912098182346,Geometric Node,1219,305,457
SBSP-VP-004 (Parallel 1),15,MARCO_ZERO,-23.512296194319728,-46.72485480432765,Waypoint,1219,305,457
SBSP-VP-004 (Parallel 1),16,Geometric GN_31,-23.514022994171626,-46.735263320477685,Geometric Node,914.4,305,457
SBSP-VP-004 (Parallel 1),17,Geometric GN_32,-23.51412521440881,-46.7454532607564,Geometric Node,914.4,305,457
SBSP-VP-004 (Parallel 1),18,Geometric GN_33,-23.509453432119745,-46.75809802321997,Geometric Node,914.4,305,457
SBSP-VP-004 (Parallel 1),19,Geometric GN_34,-23.500832318592792,-46.761453530510536,Geometric Node,914.4,305,457
SBSP-VP-004 (Parallel 1),20,Geometric GN_35,-23.499507422000907,-46.762902676244245,Geometric Node,914.4,305,457
SBSP-VP-004 (Parallel 1),21,Geometric GN_36,-23.496717011493725,-46.77076998893733,Geometric Node,914.4,305,457
SBSP-VP-004 (Parallel 1),22,PAO_DE_ACUCAR,-23.489930917128433,-46.7748460980334,Waypoint,914.4,305,457
SBSP-VP-004 (Parallel 1),23,VP-004,-23.4786111111111,-46.7811111111111,Vertiport,760,305,457
SBSP-VP-004 (Parallel 2),1,SBSP,-23.626111,-46.656389,Airport,760,305,457
SBSP-VP-004 (Parallel 2),2,CLUBE_SIRIO,-23.607448592345182,-46.65524695988414,Waypoint,1219,305,457
SBSP-VP-004 (Parallel 2),3,CEBOLINHA,-23.592216313781346,-46.65340858143673,Waypoint,1219,305,457
SBSP-VP-004 (Parallel 2),4,Geometric GN_133,-23.583449155568573,-46.659507512561596,Geometric Node,1219,305,457
SBSP-VP-004 (Parallel 2),5,Geometric GN_134,-23.573299552905944,-46.67204073403143,Geometric Node,1219,305,457
SBSP-VP-004 (Parallel 2),6,Geometric GN_135,-23.56354589504475,-46.68098830446601,Geometric Node,1219,305,457
SBSP-VP-004 (Parallel 2),7,Geometric GN_136,-23.556612734308374,-46.68455117873327,Geometric Node,1219,305,457
SBSP-VP-004 (Parallel 2),8,Geometric GN_137,-23.551945029374984,-46.68165720167463,Geometric Node,1219,305,457
SBSP-VP-004 (Parallel 2),9,VD_ANTARTICA,-23.52644928164613,-46.6739436672958,Waypoint,1219,305,457
SBSP-VP-004 (Parallel 2),10,Geometric GN_30,-23.5258389929876,-46.67705136954789,Geometric Node,1219,305,457
SBSP-VP-004 (Parallel 2),11,Geometric GN_29,-23.52482262894674,-46.68314955379333,Geometric Node,1219,305,457
SBSP-VP-004 (Parallel 2),12,Geometric GN_28,-23.52377558221212,-46.69278238375133,Geometric Node,1219,305,457
SBSP-VP-004 (Parallel 2),13,Geometric GN_27,-23.52205520837004,-46.69966387911975,Geometric Node,1219,305,457
SBSP-VP-004 (Parallel 2),14,Geometric GN_26,-23.518789758144766,-46.71007250171285,Geometric Node,1219,305,457
SBSP-VP-004 (Parallel 2),15,MARCO_ZERO,-23.516592694569074,-46.727367417894556,Waypoint,1219,305,457
SBSP-VP-004 (Parallel 2),16,Geometric GN_31,-23.518480331799573,-46.737620862360394,Geometric Node,914.4,305,457
SBSP-VP-004 (Parallel 2),17,Geometric GN_32,-23.518659009094304,-46.74633254723625,Geometric Node,914.4,305,457
SBSP-VP-004 (Parallel 2),18,Geometric GN_33,-23.51307726344506,-46.76223814762554,Geometric Node,914.4,305,457
SBSP-VP-004 (Parallel 2),19,Geometric GN_34,-23.503138252853418,-46.7659596921844,Geometric Node,914.4,305,457
SBSP-VP-004 (Parallel 2),20,Geometric GN_35,-23.503510600518236,-46.76561730974362,Geometric Node,914.4,305,457
SBSP-VP-004 (Parallel 2),21,Geometric GN_36,-23.50047341900809,-46.77432366965997,Geometric Node,914.4,305,457
SBSP-VP-004 (Parallel 2),22,PAO_DE_ACUCAR,-23.493073140423256,-46.77872546080176,Waypoint,914.4,305,457
SBSP-VP-004 (Parallel 2),23,VP-004,-23.4786111111111,-46.7811111111111,Vertiport,760,305,457
SBSP-VP-005 (Parallel 1),1,SBSP,-23.626111,-46.656389,Airport,760,305,457
SBSP-VP-005 (Parallel 1),2,WASHINGTON_LUIS,-23.630563721805622,-46.66859946540812,Waypoint,1219,305,457
SBSP-VP-005 (Parallel 1),3,Geometric GN_144,-23.621466646799245,-46.676353438144154,Geometric Node,1219,305,457
SBSP-VP-005 (Parallel 1),4,Geometric GN_143,-23.613248832428837,-46.686955696062455,Geometric Node,1219,305,457
SBSP-VP-005 (Parallel 1),5,PONTE_ESTAIADA,-23.610516853220588,-46.69903042810522,Waypoint,1219,305,457
SBSP-VP-005 (Parallel 1),6,AVENIDA_MORUMBI,-23.609389520520164,-46.71255842051052,Waypoint,1219,305,457
SBSP-VP-005 (Parallel 1),7,EXTRA_TABOAO,-23.606354090644885,-46.75119116437716,Waypoint,1219,305,457
SBSP-VP-005 (Parallel 1),8,RODOANEL_RAPOSO,-23.59027412529078,-46.80869748115197,Waypoint,1219,305,457
SBSP-VP-005 (Parallel 1),9,VP-005,-23.5647222222222,-46.8302777777778,Vertiport,760,305,457
SBSP-VP-005 (Parallel 2),1,SBSP,-23.626111,-46.656389,Airport,760,305,457
SBSP-VP-005 (Parallel 2),2,WASHINGTON_LUIS,-23.63665850041658,-46.669733867925274,Waypoint,1219,305,457
SBSP-VP-005 (Parallel 2),3,Geometric GN_144,-23.624653353200753,-46.67996656185584,Geometric Node,1219,305,457
SBSP-VP-005 (Parallel 2),4,Geometric GN_143,-23.617431167571162,-46.68928430393754,Geometric Node,1219,305,457
SBSP-VP-005 (Parallel 2),5,PONTE_ESTAIADA,-23.615038702335013,-46.69985846078359,Waypoint,1219,305,457
SBSP-VP-005 (Parallel 2),6,AVENIDA_MORUMBI,-23.613943812813236,-46.712997135045086,Waypoint,1219,305,457
SBSP-VP-005 (Parallel 2),7,EXTRA_TABOAO,-23.610868131577313,-46.75214216895624,Waypoint,1219,305,457
SBSP-VP-005 (Parallel 2),8,RODOANEL_RAPOSO,-23.594170319153623,-46.81185807440363,Waypoint,1219,305,457
SBSP-VP-005 (Parallel 2),9,VP-005,-23.5647222222222,-46.8302777777778,Vertiport,760,305,457
SBSP-VP-006 (Parallel 1),1,SBSP,-23.626111,-46.656389,Airport,760,305,457
SBSP-VP-006 (Parallel 1),2,WASHINGTON_LUIS,-23.630563721805622,-46.66859946540812,Waypoint,1219,305,457
SBSP-VP-006 (Parallel 1),3,Geometric GN_144,-23.621466646799245,-46.676353438144154,Geometric Node,1219,305,457
SBSP-VP-006 (Parallel 1),4,Geometric GN_143,-23.613248832428837,-46.686955696062455,Geometric Node,1219,305,457
SBSP-VP-006 (Parallel 1),5,PONTE_ESTAIADA,-23.61110674293165,-46.69642324860169,Waypoint,1219,305,457
SBSP-VP-006 (Parallel 1),6,Geometric GN_128,-23.58520676091455,-46.68941775648687,Geometric Node,1219,305,457
SBSP-VP-006 (Parallel 1),7,Geometric GN_129,-23.56982770155641,-46.698579749295924,Geometric Node,1219,305,457
SBSP-VP-006 (Parallel 1),8,Geometric GN_130,-23.559333763197618,-46.70481052519657,Geometric Node,1219,305,457
SBSP-VP-006 (Parallel 1),9,PONTE_JAGUARE,-23.54328833441581,-46.734521887724945,Waypoint,1219,305,457
SBSP-VP-006 (Parallel 1),10,VP-006,-23.5466666666667,-46.7369444444444,Vertiport,760,305,457
SBSP-VP-006 (Parallel 2),1,SBSP,-23.626111,-46.656389,Airport,760,305,457
SBSP-VP-006 (Parallel 2),2,WASHINGTON_LUIS,-23.63665850041658,-46.669733867925274,Waypoint,1219,305,457
SBSP-VP-006 (Parallel 2),3,Geometric GN_144,-23.624653353200753,-46.67996656185584,Geometric Node,1219,305,457
SBSP-VP-006 (Parallel 2),4,Geometric GN_143,-23.617431167571162,-46.68928430393754,Geometric Node,1219,305,457
SBSP-VP-006 (Parallel 2),5,PONTE_ESTAIADA,-23.61444881262395,-46.702465640287116,Waypoint,1219,305,457
SBSP-VP-006 (Parallel 2),6,Geometric GN_128,-23.58583507177885,-46.69472612387613,Geometric Node,1219,305,457
SBSP-VP-006 (Parallel 2),7,Geometric GN_129,-23.57201626216759,-46.702958606197676,Geometric Node,1219,305,457
SBSP-VP-006 (Parallel 2),8,Geometric GN_130,-23.562630800377182,-46.70853122413583,Geometric Node,1219,305,457
SBSP-VP-006 (Parallel 2),9,PONTE_JAGUARE,-23.54837833225079,-46.73492255671946,Waypoint,1219,305,457
SBSP-VP-006 (Parallel 2),10,VP-006,-23.5466666666667,-46.7369444444444,Vertiport,760,305,457
SBGR-SBMT (Parallel 1),1,SBGR,-23.435556,-46.473056,Airport,760,305,457
SBGR-SBMT (Parallel 1),2,DUMONT,-23.473696062246297,-46.479965480183,Waypoint,914.4,305,457
SBGR-SBMT (Parallel 1),3,BARRAGEM_TIETE,-23.49303503774274,-46.54928049261596,Waypoint,914.4,305,457
SBGR-SBMT (Parallel 1),4,PONTE_ARICANDUVA,-23.51568515204849,-46.567643578337446,Waypoint,914.4,305,457
SBGR-SBMT (Parallel 1),5,SHOPPING_TATUAPE,-23.528639113561262,-46.581531783014945,Waypoint,914.4,305,457
SBGR-SBMT (Parallel 1),6,BRAS,-23.541391879053826,-46.615651952175185,Waypoint,1219,305,457
SBGR-SBMT (Parallel 1),7,SBMT,-23.509,-46.633,Airport,760,305,457
SBGR-SBMT (Parallel 2),1,SBGR,-23.435556,-46.473056,Airport,760,305,457
SBGR-SBMT (Parallel 2),2,DUMONT,-23.476915994257524,-46.47468243478397,Waypoint,914.4,305,457
SBGR-SBMT (Parallel 2),3,BARRAGEM_TIETE,-23.496914029887687,-46.54618316219257,Waypoint,914.4,305,457
SBGR-SBMT (Parallel 2),4,PONTE_ARICANDUVA,-23.518684800580004,-46.56385449621903,Waypoint,914.4,305,457
SBGR-SBMT (Parallel 2),5,SHOPPING_TATUAPE,-23.532972445391017,-46.579240141706286,Waypoint,914.4,305,457
SBGR-SBMT (Parallel 2),6,BRAS,-23.546385898723976,-46.61879249226922,Waypoint,1219,305,457
SBGR-SBMT (Parallel 2),7,SBMT,-23.509,-46.633,Airport,760,305,457
SBGR-VP-001 (Parallel 1),1,SBGR,-23.435556,-46.473056,Airport,760,305,457
SBGR-VP-001 (Parallel 1),2,DUMONT,-23.473696062246297,-46.479965480183,Waypoint,914.4,305,457
SBGR-VP-001 (Parallel 1),3,BARRAGEM_TIETE,-23.49303503774274,-46.54928049261596,Waypoint,914.4,305,457
SBGR-VP-001 (Parallel 1),4,PONTE_ARICANDUVA,-23.51568515204849,-46.567643578337446,Waypoint,914.4,305,457
SBGR-VP-001 (Parallel 1),5,SHOPPING_TATUAPE,-23.528639113561262,-46.581531783014945,Waypoint,914.4,305,457
SBGR-VP-001 (Parallel 1),6,BRAS,-23.54152782560704,-46.61676973494606,Waypoint,1219,305,457
SBGR-VP-001 (Parallel 1),7,LUZ,-23.5332060376752,-46.634218645125785,Waypoint,1219,305,457
SBGR-VP-001 (Parallel 1),8,Geometric GN_149,-23.531664480389757,-46.638231926254754,Geometric Node,1219,305,457
SBGR-VP-001 (Parallel 1),9,Geometric GN_148,-23.527867459384787,-46.641038837985015,Geometric Node,1219,305,457
SBGR-VP-001 (Parallel 1),10,Geometric GN_147,-23.52570511367137,-46.644900169616115,Geometric Node,1219,305,457
SBGR-VP-001 (Parallel 1),11,Geometric GN_146,-23.525979705830206,-46.65160655503392,Geometric Node,1219,305,457
SBGR-VP-001 (Parallel 1),12,Geometric GN_145,-23.523980491241744,-46.65926374100624,Geometric Node,1219,305,457
SBGR-VP-001 (Parallel 1),13,VD_ANTARTICA,-23.52247157279912,-46.67038921608116,Waypoint,1219,305,457
SBGR-VP-001 (Parallel 1),14,Geometric GN_30,-23.5213534865182,-46.67608271735251,Geometric Node,1219,305,457
SBGR-VP-001 (Parallel 1),15,Geometric GN_29,-23.52029907971026,-46.68240915820047,Geometric Node,1219,305,457
SBGR-VP-001 (Parallel 1),16,Geometric GN_28,-23.519275355595877,-46.69182742005227,Geometric Node,1219,305,457
SBGR-VP-001 (Parallel 1),17,Geometric GN_27,-23.517682496079757,-46.69819885811685,Geometric Node,1219,305,457
SBGR-VP-001 (Parallel 1),18,Geometric GN_26,-23.514321479588634,-46.708912098182346,Geometric Node,1219,305,457
SBGR-VP-001 (Parallel 1),19,MARCO_ZERO,-23.51212250681928,-46.72622204321651,Waypoint,1219,305,457
SBGR-VP-001 (Parallel 1),20,Geometric GN_25,-23.51606374594118,-46.744986135177214,Geometric Node,1219,305,457
SBGR-VP-001 (Parallel 1),21,CEBOLAO,-23.523610537257223,-46.75132475098874,Waypoint,1219,305,457
SBGR-VP-001 (Parallel 1),22,Geometric GN_95,-23.531514765733224,-46.78514040623323,Geometric Node,914.4,305,457
SBGR-VP-001 (Parallel 1),23,Geometric GN_94,-23.525396003261594,-46.800037359544724,Geometric Node,914.4,305,457
SBGR-VP-001 (Parallel 1),24,RODOANEL_CASTELO,-23.524213115023954,-46.8312133140757,Waypoint,914.4,305,457
SBGR-VP-001 (Parallel 1),25,VP-001,-23.4866666666667,-46.8566666666667,Vertiport,760,305,457
SBGR-VP-001 (Parallel 2),1,SBGR,-23.435556,-46.473056,Airport,760,305,457
SBGR-VP-001 (Parallel 2),2,DUMONT,-23.476915994257524,-46.47468243478397,Waypoint,914.4,305,457
SBGR-VP-001 (Parallel 2),3,BARRAGEM_TIETE,-23.496914029887687,-46.54618316219257,Waypoint,914.4,305,457
SBGR-VP-001 (Parallel 2),4,PONTE_ARICANDUVA,-23.518684800580004,-46.56385449621903,Waypoint,914.4,305,457
SBGR-VP-001 (Parallel 2),5,SHOPPING_TATUAPE,-23.532972445391017,-46.579240141706286,Waypoint,914.4,305,457
SBGR-VP-001 (Parallel 2),6,BRAS,-23.54624995217076,-46.617674709498345,Waypoint,1219,305,457
SBGR-VP-001 (Parallel 2),7,LUZ,-23.5373495178804,-46.63633691042982,Waypoint,1219,305,457
SBGR-VP-001 (Parallel 2),8,Geometric GN_149,-23.535355519610242,-46.64152807374524,Geometric Node,1219,305,457
SBGR-VP-001 (Parallel 2),9,Geometric GN_148,-23.531252540615213,-46.64456116201499,Geometric Node,1219,305,457
SBGR-VP-001 (Parallel 2),10,Geometric GN_147,-23.53033488632863,-46.646199830383885,Geometric Node,1219,305,457
SBGR-VP-001 (Parallel 2),11,Geometric GN_146,-23.53058029416979,-46.65219344496607,Geometric Node,1219,305,457
SBGR-VP-001 (Parallel 2),12,Geometric GN_145,-23.528459508758253,-46.66031625899376,Geometric Node,1219,305,457
SBGR-VP-001 (Parallel 2),13,VD_ANTARTICA,-23.526972871645278,-46.671277450585436,Waypoint,1219,305,457
SBGR-VP-001 (Parallel 2),14,Geometric GN_30,-23.5258389929876,-46.67705136954789,Geometric Node,1219,305,457
SBGR-VP-001 (Parallel 2),15,Geometric GN_29,-23.52482262894674,-46.68314955379333,Geometric Node,1219,305,457
SBGR-VP-001 (Parallel 2),16,Geometric GN_28,-23.52377558221212,-46.69278238375133,Geometric Node,1219,305,457
SBGR-VP-001 (Parallel 2),17,Geometric GN_27,-23.52205520837004,-46.69966387911975,Geometric Node,1219,305,457
SBGR-VP-001 (Parallel 2),18,Geometric GN_26,-23.518789758144766,-46.71007250171285,Geometric Node,1219,305,457
SBGR-VP-001 (Parallel 2),19,MARCO_ZERO,-23.51676638206952,-46.726000179005695,Waypoint,1219,305,457
SBGR-VP-001 (Parallel 2),20,Geometric GN_25,-23.520153648065616,-46.74212682564658,Geometric Node,1219,305,457
SBGR-VP-001 (Parallel 2),21,CEBOLAO,-23.528611684964975,-46.74923080456685,Waypoint,1219,305,457
SBGR-VP-001 (Parallel 2),22,Geometric GN_95,-23.535910743800176,-46.786640075771494,Geometric Node,914.4,305,457
SBGR-VP-001 (Parallel 2),23,Geometric GN_94,-23.52972637500093,-46.80169540276628,Geometric Node,914.4,305,457
SBGR-VP-001 (Parallel 2),24,RODOANEL_CASTELO,-23.528440976139947,-46.83330837205112,Waypoint,914.4,305,457
SBGR-VP-001 (Parallel 2),25,VP-001,-23.4866666666667,-46.8566666666667,Vertiport,760,305,457
SBGR-VP-002 (Parallel 1),1,SBGR,-23.435556,-46.473056,Airport,760,305,457
SBGR-VP-002 (Parallel 1),2,DUMONT,-23.473696062246297,-46.479965480183,Waypoint,914.4,305,457
SBGR-VP-002 (Parallel 1),3,BARRAGEM_TIETE,-23.49303503774274,-46.54928049261596,Waypoint,914.4,305,457
SBGR-VP-002 (Parallel 1),4,PONTE_ARICANDUVA,-23.51568515204849,-46.567643578337446,Waypoint,914.4,305,457
SBGR-VP-002 (Parallel 1),5,SHOPPING_TATUAPE,-23.528639113561262,-46.581531783014945,Waypoint,914.4,305,457
SBGR-VP-002 (Parallel 1),6,BRAS,-23.542081085594123,-46.621318761506515,Waypoint,1219,305,457
SBGR-VP-002 (Parallel 1),7,ALCANTARA_MACHADO,-23.552624774559753,-46.61439946562285,Waypoint,1219,305,457
SBGR-VP-002 (Parallel 1),8,ITAU_CTO,-23.556416918805503,-46.61755958582767,Waypoint,1219,305,457
SBGR-VP-002 (Parallel 1),9,PARQUE_ACLIMACAO,-23.57152171587711,-46.629391676867094,Waypoint,1219,305,457
SBGR-VP-002 (Parallel 1),10,VP-002,-23.5622222222222,-46.655,Vertiport,760,305,457
SBGR-VP-002 (Parallel 2),1,SBGR,-23.435556,-46.473056,Airport,760,305,457
SBGR-VP-002 (Parallel 2),2,DUMONT,-23.476915994257524,-46.47468243478397,Waypoint,914.4,305,457
SBGR-VP-002 (Parallel 2),3,BARRAGEM_TIETE,-23.496914029887687,-46.54618316219257,Waypoint,914.4,305,457
SBGR-VP-002 (Parallel 2),4,PONTE_ARICANDUVA,-23.518684800580004,-46.56385449621903,Waypoint,914.4,305,457
SBGR-VP-002 (Parallel 2),5,SHOPPING_TATUAPE,-23.532972445391017,-46.579240141706286,Waypoint,914.4,305,457
SBGR-VP-002 (Parallel 2),6,BRAS,-23.54569669218368,-46.61312568293789,Waypoint,1219,305,457
SBGR-VP-002 (Parallel 2),7,ALCANTARA_MACHADO,-23.552930780995844,-46.60837831215494,Waypoint,1219,305,457
SBGR-VP-002 (Parallel 2),8,ITAU_CTO,-23.5591386367501,-46.61355152528353,Waypoint,1219,305,457
SBGR-VP-002 (Parallel 2),9,PARQUE_ACLIMACAO,-23.577367173011687,-46.6278305453551,Waypoint,1219,305,457
SBGR-VP-002 (Parallel 2),10,VP-002,-23.5622222222222,-46.655,Vertiport,760,305,457
SBGR-VP-003 (Parallel 1),1,SBGR,-23.435556,-46.473056,Airport,760,305,457
SBGR-VP-003 (Parallel 1),2,DUMONT,-23.473696062246297,-46.479965480183,Waypoint,914.4,305,457
SBGR-VP-003 (Parallel 1),3,BARRAGEM_TIETE,-23.49303503774274,-46.54928049261596,Waypoint,914.4,305,457
SBGR-VP-003 (Parallel 1),4,PONTE_ARICANDUVA,-23.51568515204849,-46.567643578337446,Waypoint,914.4,305,457
SBGR-VP-003 (Parallel 1),5,SHOPPING_TATUAPE,-23.528639113561262,-46.581531783014945,Waypoint,914.4,305,457
SBGR-VP-003 (Parallel 1),6,BRAS,-23.542081085594123,-46.621318761506515,Waypoint,1219,305,457
SBGR-VP-003 (Parallel 1),7,ALCANTARA_MACHADO,-23.552624774559753,-46.61439946562285,Waypoint,1219,305,457
SBGR-VP-003 (Parallel 1),8,ITAU_CTO,-23.556416918805503,-46.61755958582767,Waypoint,1219,305,457
SBGR-VP-003 (Parallel 1),9,PARQUE_ACLIMACAO,-23.572879167604274,-46.630455014053375,Waypoint,1219,305,457
SBGR-VP-003 (Parallel 1),10,ANA_ROSA,-23.58019832452846,-46.63994281006619,Waypoint,1219,305,457
SBGR-VP-003 (Parallel 1),11,CEBOLINHA,-23.58936597520106,-46.65172978950229,Waypoint,1219,305,457
SBGR-VP-003 (Parallel 1),12,VP-003,-23.5911111111111,-46.6855555555556,Vertiport,760,305,457
SBGR-VP-003 (Parallel 2),1,SBGR,-23.435556,-46.473056,Airport,760,305,457
SBGR-VP-003 (Parallel 2),2,DUMONT,-23.476915994257524,-46.47468243478397,Waypoint,914.4,305,457
SBGR-VP-003 (Parallel 2),3,BARRAGEM_TIETE,-23.496914029887687,-46.54618316219257,Waypoint,914.4,305,457
SBGR-VP-003 (Parallel 2),4,PONTE_ARICANDUVA,-23.518684800580004,-46.56385449621903,Waypoint,914.4,305,457
SBGR-VP-003 (Parallel 2),5,SHOPPING_TATUAPE,-23.532972445391017,-46.579240141706286,Waypoint,914.4,305,457
SBGR-VP-003 (Parallel 2),6,BRAS,-23.54569669218368,-46.61312568293789,Waypoint,1219,305,457
SBGR-VP-003 (Parallel 2),7,ALCANTARA_MACHADO,-23.552930780995844,-46.60837831215494,Waypoint,1219,305,457
SBGR-VP-003 (Parallel 2),8,ITAU_CTO,-23.5591386367501,-46.61355152528353,Waypoint,1219,305,457
SBGR-VP-003 (Parallel 2),9,PARQUE_ACLIMACAO,-23.576009721284525,-46.62676720816882,Waypoint,1219,305,457
SBGR-VP-003 (Parallel 2),10,ANA_ROSA,-23.58369056436034,-46.63672385660041,Waypoint,1219,305,457
SBGR-VP-003 (Parallel 2),11,CEBOLINHA,-23.593967358132343,-46.649936877164315,Waypoint,1219,305,457
SBGR-VP-003 (Parallel 2),12,VP-003,-23.5911111111111,-46.6855555555556,Vertiport,760,305,457
SBGR-VP-004 (Parallel 1),1,SBGR,-23.435556,-46.473056,Airport,760,305,457
SBGR-VP-004 (Parallel 1),2,DUMONT,-23.473696062246297,-46.479965480183,Waypoint,914.4,305,457
SBGR-VP-004 (Parallel 1),3,BARRAGEM_TIETE,-23.49303503774274,-46.54928049261596,Waypoint,914.4,305,457
SBGR-VP-004 (Parallel 1),4,PONTE_ARICANDUVA,-23.51568515204849,-46.567643578337446,Waypoint,914.4,305,457
SBGR-VP-004 (Parallel 1),5,SHOPPING_TATUAPE,-23.528639113561262,-46.581531783014945,Waypoint,914.4,305,457
SBGR-VP-004 (Parallel 1),6,BRAS,-23.54152782560704,-46.61676973494606,Waypoint,1219,305,457
SBGR-VP-004 (Parallel 1),7,LUZ,-23.5332060376752,-46.634218645125785,Waypoint,1219,305,457
SBGR-VP-004 (Parallel 1),8,Geometric GN_149,-23.531664480389757,-46.638231926254754,Geometric Node,1219,305,457
SBGR-VP-004 (Parallel 1),9,Geometric GN_148,-23.527867459384787,-46.641038837985015,Geometric Node,1219,305,457
SBGR-VP-004 (Parallel 1),10,Geometric GN_147,-23.52570511367137,-46.644900169616115,Geometric Node,1219,305,457
SBGR-VP-004 (Parallel 1),11,Geometric GN_146,-23.525979705830206,-46.65160655503392,Geometric Node,1219,305,457
SBGR-VP-004 (Parallel 1),12,Geometric GN_145,-23.523980491241744,-46.65926374100624,Geometric Node,1219,305,457
SBGR-VP-004 (Parallel 1),13,VD_ANTARTICA,-23.52247157279912,-46.67038921608116,Waypoint,1219,305,457
SBGR-VP-004 (Parallel 1),14,Geometric GN_30,-23.5213534865182,-46.67608271735251,Geometric Node,1219,305,457
SBGR-VP-004 (Parallel 1),15,Geometric GN_29,-23.52029907971026,-46.68240915820047,Geometric Node,1219,305,457
SBGR-VP-004 (Parallel 1),16,Geometric GN_28,-23.519275355595877,-46.69182742005227,Geometric Node,1219,305,457
SBGR-VP-004 (Parallel 1),17,Geometric GN_27,-23.517682496079757,-46.69819885811685,Geometric Node,1219,305,457
SBGR-VP-004 (Parallel 1),18,Geometric GN_26,-23.514321479588634,-46.708912098182346,Geometric Node,1219,305,457
SBGR-VP-004 (Parallel 1),19,MARCO_ZERO,-23.512296194319728,-46.72485480432765,Waypoint,1219,305,457
SBGR-VP-004 (Parallel 1),20,Geometric GN_31,-23.514022994171626,-46.735263320477685,Geometric Node,914.4,305,457
SBGR-VP-004 (Parallel 1),21,Geometric GN_32,-23.51412521440881,-46.7454532607564,Geometric Node,914.4,305,457
SBGR-VP-004 (Parallel 1),22,Geometric GN_33,-23.509453432119745,-46.75809802321997,Geometric Node,914.4,305,457
SBGR-VP-004 (Parallel 1),23,Geometric GN_34,-23.500832318592792,-46.761453530510536,Geometric Node,914.4,305,457
SBGR-VP-004 (Parallel 1),24,Geometric GN_35,-23.499507422000907,-46.762902676244245,Geometric Node,914.4,305,457
SBGR-VP-004 (Parallel 1),25,Geometric GN_36,-23.496717011493725,-46.77076998893733,Geometric Node,914.4,305,457
SBGR-VP-004 (Parallel 1),26,PAO_DE_ACUCAR,-23.489930917128433,-46.7748460980334,Waypoint,914.4,305,457
SBGR-VP-004 (Parallel 1),27,VP-004,-23.4786111111111,-46.7811111111111,Vertiport,760,305,457
SBGR-VP-004 (Parallel 2),1,SBGR,-23.435556,-46.473056,Airport,760,305,457
SBGR-VP-004 (Parallel 2),2,DUMONT,-23.476915994257524,-46.47468243478397,Waypoint,914.4,305,457
SBGR-VP-004 (Parallel 2),3,BARRAGEM_TIETE,-23.496914029887687,-46.54618316219257,Waypoint,914.4,305,457
SBGR-VP-004 (Parallel 2),4,PONTE_ARICANDUVA,-23.518684800580004,-46.56385449621903,Waypoint,914.4,305,457
SBGR-VP-004 (Parallel 2),5,SHOPPING_TATUAPE,-23.532972445391017,-46.579240141706286,Waypoint,914.4,305,457
SBGR-VP-004 (Parallel 2),6,BRAS,-23.54624995217076,-46.617674709498345,Waypoint,1219,305,457
SBGR-VP-004 (Parallel 2),7,LUZ,-23.5373495178804,-46.63633691042982,Waypoint,1219,305,457
SBGR-VP-004 (Parallel 2),8,Geometric GN_149,-23.535355519610242,-46.64152807374524,Geometric Node,1219,305,457
SBGR-VP-004 (Parallel 2),9,Geometric GN_148,-23.531252540615213,-46.64456116201499,Geometric Node,1219,305,457
SBGR-VP-004 (Parallel 2),10,Geometric GN_147,-23.53033488632863,-46.646199830383885,Geometric Node,1219,305,457
SBGR-VP-004 (Parallel 2),11,Geometric GN_146,-23.53058029416979,-46.65219344496607,Geometric Node,1219,305,457
SBGR-VP-004 (Parallel 2),12,Geometric GN_145,-23.528459508758253,-46.66031625899376,Geometric Node,1219,305,457
SBGR-VP-004 (Parallel 2),13,VD_ANTARTICA,-23.526972871645278,-46.671277450585436,Waypoint,1219,305,457
SBGR-VP-004 (Parallel 2),14,Geometric GN_30,-23.5258389929876,-46.67705136954789,Geometric Node,1219,305,457
SBGR-VP-004 (Parallel 2),15,Geometric GN_29,-23.52482262894674,-46.68314955379333,Geometric Node,1219,305,457
SBGR-VP-004 (Parallel 2),16,Geometric GN_28,-23.52377558221212,-46.69278238375133,Geometric Node,1219,305,457
SBGR-VP-004 (Parallel 2),17,Geometric GN_27,-23.52205520837004,-46.69966387911975,Geometric Node,1219,305,457
SBGR-VP-004 (Parallel 2),18,Geometric GN_26,-23.518789758144766,-46.71007250171285,Geometric Node,1219,305,457
SBGR-VP-004 (Parallel 2),19,MARCO_ZERO,-23.516592694569074,-46.727367417894556,Waypoint,1219,305,457
SBGR-VP-004 (Parallel 2),20,Geometric GN_31,-23.518480331799573,-46.737620862360394,Geometric Node,914.4,305,457
SBGR-VP-004 (Parallel 2),21,Geometric GN_32,-23.518659009094304,-46.74633254723625,Geometric Node,914.4,305,457
SBGR-VP-004 (Parallel 2),22,Geometric GN_33,-23.51307726344506,-46.76223814762554,Geometric Node,914.4,305,457
SBGR-VP-004 (Parallel 2),23,Geometric GN_34,-23.503138252853418,-46.7659596921844,Geometric Node,914.4,305,457
SBGR-VP-004 (Parallel 2),24,Geometric GN_35,-23.503510600518236,-46.76561730974362,Geometric Node,914.4,305,457
SBGR-VP-004 (Parallel 2),25,Geometric GN_36,-23.50047341900809,-46.77432366965997,Geometric Node,914.4,305,457
SBGR-VP-004 (Parallel 2),26,PAO_DE_ACUCAR,-23.493073140423256,-46.77872546080176,Waypoint,914.4,305,457
SBGR-VP-004 (Parallel 2),27,VP-004,-23.4786111111111,-46.7811111111111,Vertiport,760,305,457
SBGR-VP-005 (Parallel 1),1,SBGR,-23.435556,-46.473056,Airport,760,305,457
SBGR-VP-005 (Parallel 1),2,DUMONT,-23.473696062246297,-46.479965480183,Waypoint,914.4,305,457
SBGR-VP-005 (Parallel 1),3,BARRAGEM_TIETE,-23.49303503774274,-46.54928049261596,Waypoint,914.4,305,457
SBGR-VP-005 (Parallel 1),4,PONTE_ARICANDUVA,-23.51568515204849,-46.567643578337446,Waypoint,914.4,305,457
SBGR-VP-005 (Parallel 1),5,SHOPPING_TATUAPE,-23.528639113561262,-46.581531783014945,Waypoint,914.4,305,457
SBGR-VP-005 (Parallel 1),6,BRAS,-23.54152782560704,-46.61676973494606,Waypoint,1219,305,457
SBGR-VP-005 (Parallel 1),7,LUZ,-23.5332060376752,-46.634218645125785,Waypoint,1219,305,457
SBGR-VP-005 (Parallel 1),8,Geometric GN_149,-23.531664480389757,-46.638231926254754,Geometric Node,1219,305,457
SBGR-VP-005 (Parallel 1),9,Geometric GN_148,-23.527867459384787,-46.641038837985015,Geometric Node,1219,305,457
SBGR-VP-005 (Parallel 1),10,Geometric GN_147,-23.52570511367137,-46.644900169616115,Geometric Node,1219,305,457
SBGR-VP-005 (Parallel 1),11,Geometric GN_146,-23.525979705830206,-46.65160655503392,Geometric Node,1219,305,457
SBGR-VP-005 (Parallel 1),12,Geometric GN_145,-23.523980491241744,-46.65926374100624,Geometric Node,1219,305,457
SBGR-VP-005 (Parallel 1),13,VD_ANTARTICA,-23.52247157279912,-46.67038921608116,Waypoint,1219,305,457
SBGR-VP-005 (Parallel 1),14,Geometric GN_30,-23.5213534865182,-46.67608271735251,Geometric Node,1219,305,457
SBGR-VP-005 (Parallel 1),15,Geometric GN_29,-23.52029907971026,-46.68240915820047,Geometric Node,1219,305,457
SBGR-VP-005 (Parallel 1),16,Geometric GN_28,-23.519275355595877,-46.69182742005227,Geometric Node,1219,305,457
SBGR-VP-005 (Parallel 1),17,Geometric GN_27,-23.517682496079757,-46.69819885811685,Geometric Node,1219,305,457
SBGR-VP-005 (Parallel 1),18,Geometric GN_26,-23.514321479588634,-46.708912098182346,Geometric Node,1219,305,457
SBGR-VP-005 (Parallel 1),19,MARCO_ZERO,-23.51212250681928,-46.72622204321651,Waypoint,1219,305,457
SBGR-VP-005 (Parallel 1),20,Geometric GN_25,-23.51606374594118,-46.744986135177214,Geometric Node,1219,305,457
SBGR-VP-005 (Parallel 1),21,CEBOLAO,-23.523610537257223,-46.75132475098874,Waypoint,1219,305,457
SBGR-VP-005 (Parallel 1),22,Geometric GN_95,-23.531514765733224,-46.78514040623323,Geometric Node,914.4,305,457
SBGR-VP-005 (Parallel 1),23,Geometric GN_94,-23.525396003261594,-46.800037359544724,Geometric Node,914.4,305,457
SBGR-VP-005 (Parallel 1),24,RODOANEL_CASTELO,-23.523482216371725,-46.83432781320764,Waypoint,914.4,305,457
SBGR-VP-005 (Parallel 1),25,VP-005,-23.5647222222222,-46.8302777777778,Vertiport,760,305,457
SBGR-VP-005 (Parallel 2),1,SBGR,-23.435556,-46.473056,Airport,760,305,457
SBGR-VP-005 (Parallel 2),2,DUMONT,-23.476915994257524,-46.47468243478397,Waypoint,914.4,305,457
SBGR-VP-005 (Parallel 2),3,BARRAGEM_TIETE,-23.496914029887687,-46.54618316219257,Waypoint,914.4,305,457
SBGR-VP-005 (Parallel 2),4,PONTE_ARICANDUVA,-23.518684800580004,-46.56385449621903,Waypoint,914.4,305,457
SBGR-VP-005 (Parallel 2),5,SHOPPING_TATUAPE,-23.532972445391017,-46.579240141706286,Waypoint,914.4,305,457
SBGR-VP-005 (Parallel 2),6,BRAS,-23.54624995217076,-46.617674709498345,Waypoint,1219,305,457
SBGR-VP-005 (Parallel 2),7,LUZ,-23.5373495178804,-46.63633691042982,Waypoint,1219,305,457
SBGR-VP-005 (Parallel 2),8,Geometric GN_149,-23.535355519610242,-46.64152807374524,Geometric Node,1219,305,457
SBGR-VP-005 (Parallel 2),9,Geometric GN_148,-23.531252540615213,-46.64456116201499,Geometric Node,1219,305,457
SBGR-VP-005 (Parallel 2),10,Geometric GN_147,-23.53033488632863,-46.646199830383885,Geometric Node,1219,305,457
SBGR-VP-005 (Parallel 2),11,Geometric GN_146,-23.53058029416979,-46.65219344496607,Geometric Node,1219,305,457
SBGR-VP-005 (Parallel 2),12,Geometric GN_145,-23.528459508758253,-46.66031625899376,Geometric Node,1219,305,457
SBGR-VP-005 (Parallel 2),13,VD_ANTARTICA,-23.526972871645278,-46.671277450585436,Waypoint,1219,305,457
SBGR-VP-005 (Parallel 2),14,Geometric GN_30,-23.5258389929876,-46.67705136954789,Geometric Node,1219,305,457
SBGR-VP-005 (Parallel 2),15,Geometric GN_29,-23.52482262894674,-46.68314955379333,Geometric Node,1219,305,457
SBGR-VP-005 (Parallel 2),16,Geometric GN_28,-23.52377558221212,-46.69278238375133,Geometric Node,1219,305,457
SBGR-VP-005 (Parallel 2),17,Geometric GN_27,-23.52205520837004,-46.69966387911975,Geometric Node,1219,305,457
SBGR-VP-005 (Parallel 2),18,Geometric GN_26,-23.518789758144766,-46.71007250171285,Geometric Node,1219,305,457
SBGR-VP-005 (Parallel 2),19,MARCO_ZERO,-23.51676638206952,-46.726000179005695,Waypoint,1219,305,457
SBGR-VP-005 (Parallel 2),20,Geometric GN_25,-23.520153648065616,-46.74212682564658,Geometric Node,1219,305,457
SBGR-VP-005 (Parallel 2),21,CEBOLAO,-23.528611684964975,-46.74923080456685,Waypoint,1219,305,457
SBGR-VP-005 (Parallel 2),22,Geometric GN_95,-23.535910743800176,-46.786640075771494,Geometric Node,914.4,305,457
SBGR-VP-005 (Parallel 2),23,Geometric GN_94,-23.52972637500093,-46.80169540276628,Geometric Node,914.4,305,457
SBGR-VP-005 (Parallel 2),24,RODOANEL_CASTELO,-23.529171874792176,-46.830193872935716,Waypoint,914.4,305,457
SBGR-VP-005 (Parallel 2),25,VP-005,-23.5647222222222,-46.8302777777778,Vertiport,760,305,457
SBGR-VP-006 (Parallel 1),1,SBGR,-23.435556,-46.473056,Airport,760,305,457
SBGR-VP-006 (Parallel 1),2,DUMONT,-23.473696062246297,-46.479965480183,Waypoint,914.4,305,457
SBGR-VP-006 (Parallel 1),3,BARRAGEM_TIETE,-23.49303503774274,-46.54928049261596,Waypoint,914.4,305,457
SBGR-VP-006 (Parallel 1),4,PONTE_ARICANDUVA,-23.51568515204849,-46.567643578337446,Waypoint,914.4,305,457
SBGR-VP-006 (Parallel 1),5,SHOPPING_TATUAPE,-23.528639113561262,-46.581531783014945,Waypoint,914.4,305,457
SBGR-VP-006 (Parallel 1),6,BRAS,-23.54152782560704,-46.61676973494606,Waypoint,1219,305,457
SBGR-VP-006 (Parallel 1),7,LUZ,-23.5332060376752,-46.634218645125785,Waypoint,1219,305,457
SBGR-VP-006 (Parallel 1),8,Geometric GN_149,-23.531664480389757,-46.638231926254754,Geometric Node,1219,305,457
SBGR-VP-006 (Parallel 1),9,Geometric GN_148,-23.527867459384787,-46.641038837985015,Geometric Node,1219,305,457
SBGR-VP-006 (Parallel 1),10,Geometric GN_147,-23.52570511367137,-46.644900169616115,Geometric Node,1219,305,457
SBGR-VP-006 (Parallel 1),11,Geometric GN_146,-23.525979705830206,-46.65160655503392,Geometric Node,1219,305,457
SBGR-VP-006 (Parallel 1),12,Geometric GN_145,-23.523980491241744,-46.65926374100624,Geometric Node,1219,305,457
SBGR-VP-006 (Parallel 1),13,VD_ANTARTICA,-23.52247157279912,-46.67038921608116,Waypoint,1219,305,457
SBGR-VP-006 (Parallel 1),14,Geometric GN_30,-23.5213534865182,-46.67608271735251,Geometric Node,1219,305,457
SBGR-VP-006 (Parallel 1),15,Geometric GN_29,-23.52029907971026,-46.68240915820047,Geometric Node,1219,305,457
SBGR-VP-006 (Parallel 1),16,Geometric GN_28,-23.519275355595877,-46.69182742005227,Geometric Node,1219,305,457
SBGR-VP-006 (Parallel 1),17,Geometric GN_27,-23.517682496079757,-46.69819885811685,Geometric Node,1219,305,457
SBGR-VP-006 (Parallel 1),18,Geometric GN_26,-23.514321479588634,-46.708912098182346,Geometric Node,1219,305,457
SBGR-VP-006 (Parallel 1),19,MARCO_ZERO,-23.51212250681928,-46.72622204321651,Waypoint,1219,305,457
SBGR-VP-006 (Parallel 1),20,Geometric GN_25,-23.51606374594118,-46.744986135177214,Geometric Node,1219,305,457
SBGR-VP-006 (Parallel 1),21,CEBOLAO,-23.525623394111516,-46.75301536700669,Waypoint,1219,305,457
SBGR-VP-006 (Parallel 1),22,Geometric GN_126,-23.535109057008345,-46.750126521315494,Geometric Node,1219,305,457
SBGR-VP-006 (Parallel 1),23,VP-006,-23.5466666666667,-46.7369444444444,Vertiport,760,305,457
SBGR-VP-006 (Parallel 2),1,SBGR,-23.435556,-46.473056,Airport,760,305,457
SBGR-VP-006 (Parallel 2),2,DUMONT,-23.476915994257524,-46.47468243478397,Waypoint,914.4,305,457
SBGR-VP-006 (Parallel 2),3,BARRAGEM_TIETE,-23.496914029887687,-46.54618316219257,Waypoint,914.4,305,457
SBGR-VP-006 (Parallel 2),4,PONTE_ARICANDUVA,-23.518684800580004,-46.56385449621903,Waypoint,914.4,305,457
SBGR-VP-006 (Parallel 2),5,SHOPPING_TATUAPE,-23.532972445391017,-46.579240141706286,Waypoint,914.4,305,457
SBGR-VP-006 (Parallel 2),6,BRAS,-23.54624995217076,-46.617674709498345,Waypoint,1219,305,457
SBGR-VP-006 (Parallel 2),7,LUZ,-23.5373495178804,-46.63633691042982,Waypoint,1219,305,457
SBGR-VP-006 (Parallel 2),8,Geometric GN_149,-23.535355519610242,-46.64152807374524,Geometric Node,1219,305,457
SBGR-VP-006 (Parallel 2),9,Geometric GN_148,-23.531252540615213,-46.64456116201499,Geometric Node,1219,305,457
SBGR-VP-006 (Parallel 2),10,Geometric GN_147,-23.53033488632863,-46.646199830383885,Geometric Node,1219,305,457
SBGR-VP-006 (Parallel 2),11,Geometric GN_146,-23.53058029416979,-46.65219344496607,Geometric Node,1219,305,457
SBGR-VP-006 (Parallel 2),12,Geometric GN_145,-23.528459508758253,-46.66031625899376,Geometric Node,1219,305,457
SBGR-VP-006 (Parallel 2),13,VD_ANTARTICA,-23.526972871645278,-46.671277450585436,Waypoint,1219,305,457
SBGR-VP-006 (Parallel 2),14,Geometric GN_30,-23.5258389929876,-46.67705136954789,Geometric Node,1219,305,457
SBGR-VP-006 (Parallel 2),15,Geometric GN_29,-23.52482262894674,-46.68314955379333,Geometric Node,1219,305,457
SBGR-VP-006 (Parallel 2),16,Geometric GN_28,-23.52377558221212,-46.69278238375133,Geometric Node,1219,305,457
SBGR-VP-006 (Parallel 2),17,Geometric GN_27,-23.52205520837004,-46.69966387911975,Geometric Node,1219,305,457
SBGR-VP-006 (Parallel 2),18,Geometric GN_26,-23.518789758144766,-46.71007250171285,Geometric Node,1219,305,457
SBGR-VP-006 (Parallel 2),19,MARCO_ZERO,-23.51676638206952,-46.726000179005695,Waypoint,1219,305,457
SBGR-VP-006 (Parallel 2),20,Geometric GN_25,-23.520153648065616,-46.74212682564658,Geometric Node,1219,305,457
SBGR-VP-006 (Parallel 2),21,CEBOLAO,-23.526598828110682,-46.7475401885489,Waypoint,1219,305,457
SBGR-VP-006 (Parallel 2),22,Geometric GN_126,-23.532990942991656,-46.74559347868451,Geometric Node,1219,305,457
SBGR-VP-006 (Parallel 2),23,VP-006,-23.5466666666667,-46.7369444444444,Vertiport,760,305,457
SBMT-VP-001 (Parallel 1),1,SBMT,-23.509,-46.633,Airport,760,305,457
SBMT-VP-001 (Parallel 1),2,LUZ,-23.53194915499044,-46.637490806081274,Waypoint,1219,305,457
SBMT-VP-001 (Parallel 1),3,Geometric GN_149,-23.531664480389757,-46.638231926254754,Geometric Node,1219,305,457
SBMT-VP-001 (Parallel 1),4,Geometric GN_148,-23.527867459384787,-46.641038837985015,Geometric Node,1219,305,457
SBMT-VP-001 (Parallel 1),5,Geometric GN_147,-23.52570511367137,-46.644900169616115,Geometric Node,1219,305,457
SBMT-VP-001 (Parallel 1),6,Geometric GN_146,-23.525979705830206,-46.65160655503392,Geometric Node,1219,305,457
SBMT-VP-001 (Parallel 1),7,Geometric GN_145,-23.523980491241744,-46.65926374100624,Geometric Node,1219,305,457
SBMT-VP-001 (Parallel 1),8,VD_ANTARTICA,-23.52247157279912,-46.67038921608116,Waypoint,1219,305,457
SBMT-VP-001 (Parallel 1),9,Geometric GN_30,-23.5213534865182,-46.67608271735251,Geometric Node,1219,305,457
SBMT-VP-001 (Parallel 1),10,Geometric GN_29,-23.52029907971026,-46.68240915820047,Geometric Node,1219,305,457
SBMT-VP-001 (Parallel 1),11,Geometric GN_28,-23.519275355595877,-46.69182742005227,Geometric Node,1219,305,457
SBMT-VP-001 (Parallel 1),12,Geometric GN_27,-23.517682496079757,-46.69819885811685,Geometric Node,1219,305,457
SBMT-VP-001 (Parallel 1),13,Geometric GN_26,-23.514321479588634,-46.708912098182346,Geometric Node,1219,305,457
SBMT-VP-001 (Parallel 1),14,MARCO_ZERO,-23.51212250681928,-46.72622204321651,Waypoint,1219,305,457
SBMT-VP-001 (Parallel 1),15,Geometric GN_25,-23.51606374594118,-46.744986135177214,Geometric Node,1219,305,457
SBMT-VP-001 (Parallel 1),16,CEBOLAO,-23.523610537257223,-46.75132475098874,Waypoint,1219,305,457
SBMT-VP-001 (Parallel 1),17,Geometric GN_95,-23.531514765733224,-46.78514040623323,Geometric Node,914.4,305,457
SBMT-VP-001 (Parallel 1),18,Geometric GN_94,-23.525396003261594,-46.800037359544724,Geometric Node,914.4,305,457
SBMT-VP-001 (Parallel 1),19,RODOANEL_CASTELO,-23.524213115023954,-46.8312133140757,Waypoint,914.4,305,457
SBMT-VP-001 (Parallel 1),20,VP-001,-23.4866666666667,-46.8566666666667,Vertiport,760,305,457
SBMT-VP-001 (Parallel 2),1,SBMT,-23.509,-46.633,Airport,760,305,457
SBMT-VP-001 (Parallel 2),2,LUZ,-23.53860640056516,-46.63306474947433,Waypoint,1219,305,457
SBMT-VP-001 (Parallel 2),3,Geometric GN_149,-23.535355519610242,-46.64152807374524,Geometric Node,1219,305,457
SBMT-VP-001 (Parallel 2),4,Geometric GN_148,-23.531252540615213,-46.64456116201499,Geometric Node,1219,305,457
SBMT-VP-001 (Parallel 2),5,Geometric GN_147,-23.53033488632863,-46.646199830383885,Geometric Node,1219,305,457
SBMT-VP-001 (Parallel 2),6,Geometric GN_146,-23.53058029416979,-46.65219344496607,Geometric Node,1219,305,457
SBMT-VP-001 (Parallel 2),7,Geometric GN_145,-23.528459508758253,-46.66031625899376,Geometric Node,1219,305,457
SBMT-VP-001 (Parallel 2),8,VD_ANTARTICA,-23.526972871645278,-46.671277450585436,Waypoint,1219,305,457
SBMT-VP-001 (Parallel 2),9,Geometric GN_30,-23.5258389929876,-46.67705136954789,Geometric Node,1219,305,457
SBMT-VP-001 (Parallel 2),10,Geometric GN_29,-23.52482262894674,-46.68314955379333,Geometric Node,1219,305,457
SBMT-VP-001 (Parallel 2),11,Geometric GN_28,-23.52377558221212,-46.69278238375133,Geometric Node,1219,305,457
SBMT-VP-001 (Parallel 2),12,Geometric GN_27,-23.52205520837004,-46.69966387911975,Geometric Node,1219,305,457
SBMT-VP-001 (Parallel 2),13,Geometric GN_26,-23.518789758144766,-46.71007250171285,Geometric Node,1219,305,457
SBMT-VP-001 (Parallel 2),14,MARCO_ZERO,-23.51676638206952,-46.726000179005695,Waypoint,1219,305,457
SBMT-VP-001 (Parallel 2),15,Geometric GN_25,-23.520153648065616,-46.74212682564658,Geometric Node,1219,305,457
SBMT-VP-001 (Parallel 2),16,CEBOLAO,-23.528611684964975,-46.74923080456685,Waypoint,1219,305,457
SBMT-VP-001 (Parallel 2),17,Geometric GN_95,-23.535910743800176,-46.786640075771494,Geometric Node,914.4,305,457
SBMT-VP-001 (Parallel 2),18,Geometric GN_94,-23.52972637500093,-46.80169540276628,Geometric Node,914.4,305,457
SBMT-VP-001 (Parallel 2),19,RODOANEL_CASTELO,-23.528440976139947,-46.83330837205112,Waypoint,914.4,305,457
SBMT-VP-001 (Parallel 2),20,VP-001,-23.4866666666667,-46.8566666666667,Vertiport,760,305,457
SBMT-VP-002 (Parallel 1),1,SBMT,-23.509,-46.633,Airport,760,305,457
SBMT-VP-002 (Parallel 1),2,BRAS,-23.544921516049907,-46.619454729019914,Waypoint,1219,305,457
SBMT-VP-002 (Parallel 1),3,ALCANTARA_MACHADO,-23.552624774559753,-46.61439946562285,Waypoint,1219,305,457
SBMT-VP-002 (Parallel 1),4,ITAU_CTO,-23.556416918805503,-46.61755958582767,Waypoint,1219,305,457
SBMT-VP-002 (Parallel 1),5,PARQUE_ACLIMACAO,-23.57152171587711,-46.629391676867094,Waypoint,1219,305,457
SBMT-VP-002 (Parallel 1),6,VP-002,-23.5622222222222,-46.655,Vertiport,760,305,457
SBMT-VP-002 (Parallel 2),1,SBMT,-23.509,-46.633,Airport,760,305,457
SBMT-VP-002 (Parallel 2),2,BRAS,-23.542856261727895,-46.61498971542449,Waypoint,1219,305,457
SBMT-VP-002 (Parallel 2),3,ALCANTARA_MACHADO,-23.552930780995844,-46.60837831215494,Waypoint,1219,305,457
SBMT-VP-002 (Parallel 2),4,ITAU_CTO,-23.5591386367501,-46.61355152528353,Waypoint,1219,305,457
SBMT-VP-002 (Parallel 2),5,PARQUE_ACLIMACAO,-23.577367173011687,-46.6278305453551,Waypoint,1219,305,457
SBMT-VP-002 (Parallel 2),6,VP-002,-23.5622222222222,-46.655,Vertiport,760,305,457
SBMT-VP-003 (Parallel 1),1,SBMT,-23.509,-46.633,Airport,760,305,457
SBMT-VP-003 (Parallel 1),2,BRAS,-23.544921516049907,-46.619454729019914,Waypoint,1219,305,457
SBMT-VP-003 (Parallel 1),3,ALCANTARA_MACHADO,-23.552624774559753,-46.61439946562285,Waypoint,1219,305,457
SBMT-VP-003 (Parallel 1),4,ITAU_CTO,-23.556416918805503,-46.61755958582767,Waypoint,1219,305,457
SBMT-VP-003 (Parallel 1),5,PARQUE_ACLIMACAO,-23.572879167604274,-46.630455014053375,Waypoint,1219,305,457
SBMT-VP-003 (Parallel 1),6,ANA_ROSA,-23.58019832452846,-46.63994281006619,Waypoint,1219,305,457
SBMT-VP-003 (Parallel 1),7,CEBOLINHA,-23.58936597520106,-46.65172978950229,Waypoint,1219,305,457
SBMT-VP-003 (Parallel 1),8,VP-003,-23.5911111111111,-46.6855555555556,Vertiport,760,305,457
SBMT-VP-003 (Parallel 2),1,SBMT,-23.509,-46.633,Airport,760,305,457
SBMT-VP-003 (Parallel 2),2,BRAS,-23.542856261727895,-46.61498971542449,Waypoint,1219,305,457
SBMT-VP-003 (Parallel 2),3,ALCANTARA_MACHADO,-23.552930780995844,-46.60837831215494,Waypoint,1219,305,457
SBMT-VP-003 (Parallel 2),4,ITAU_CTO,-23.5591386367501,-46.61355152528353,Waypoint,1219,305,457
SBMT-VP-003 (Parallel 2),5,PARQUE_ACLIMACAO,-23.576009721284525,-46.62676720816882,Waypoint,1219,305,457
SBMT-VP-003 (Parallel 2),6,ANA_ROSA,-23.58369056436034,-46.63672385660041,Waypoint,1219,305,457
SBMT-VP-003 (Parallel 2),7,CEBOLINHA,-23.593967358132343,-46.649936877164315,Waypoint,1219,305,457
SBMT-VP-003 (Parallel 2),8,VP-003,-23.5911111111111,-46.6855555555556,Vertiport,760,305,457
SBMT-VP-004 (Parallel 1),1,SBMT,-23.509,-46.633,Airport,760,305,457
SBMT-VP-004 (Parallel 1),2,LUZ,-23.53194915499044,-46.637490806081274,Waypoint,1219,305,457
SBMT-VP-004 (Parallel 1),3,Geometric GN_149,-23.531664480389757,-46.638231926254754,Geometric Node,1219,305,457
SBMT-VP-004 (Parallel 1),4,Geometric GN_148,-23.527867459384787,-46.641038837985015,Geometric Node,1219,305,457
SBMT-VP-004 (Parallel 1),5,Geometric GN_147,-23.52570511367137,-46.644900169616115,Geometric Node,1219,305,457
SBMT-VP-004 (Parallel 1),6,Geometric GN_146,-23.525979705830206,-46.65160655503392,Geometric Node,1219,305,457
SBMT-VP-004 (Parallel 1),7,Geometric GN_145,-23.523980491241744,-46.65926374100624,Geometric Node,1219,305,457
SBMT-VP-004 (Parallel 1),8,VD_ANTARTICA,-23.52247157279912,-46.67038921608116,Waypoint,1219,305,457
SBMT-VP-004 (Parallel 1),9,Geometric GN_30,-23.5213534865182,-46.67608271735251,Geometric Node,1219,305,457
SBMT-VP-004 (Parallel 1),10,Geometric GN_29,-23.52029907971026,-46.68240915820047,Geometric Node,1219,305,457
SBMT-VP-004 (Parallel 1),11,Geometric GN_28,-23.519275355595877,-46.69182742005227,Geometric Node,1219,305,457
SBMT-VP-004 (Parallel 1),12,Geometric GN_27,-23.517682496079757,-46.69819885811685,Geometric Node,1219,305,457
SBMT-VP-004 (Parallel 1),13,Geometric GN_26,-23.514321479588634,-46.708912098182346,Geometric Node,1219,305,457
SBMT-VP-004 (Parallel 1),14,MARCO_ZERO,-23.512296194319728,-46.72485480432765,Waypoint,1219,305,457
SBMT-VP-004 (Parallel 1),15,Geometric GN_31,-23.514022994171626,-46.735263320477685,Geometric Node,914.4,305,457
SBMT-VP-004 (Parallel 1),16,Geometric GN_32,-23.51412521440881,-46.7454532607564,Geometric Node,914.4,305,457
SBMT-VP-004 (Parallel 1),17,Geometric GN_33,-23.509453432119745,-46.75809802321997,Geometric Node,914.4,305,457
SBMT-VP-004 (Parallel 1),18,Geometric GN_34,-23.500832318592792,-46.761453530510536,Geometric Node,914.4,305,457
SBMT-VP-004 (Parallel 1),19,Geometric GN_35,-23.499507422000907,-46.762902676244245,Geometric Node,914.4,305,457
SBMT-VP-004 (Parallel 1),20,Geometric GN_36,-23.496717011493725,-46.77076998893733,Geometric Node,914.4,305,457
SBMT-VP-004 (Parallel 1),21,PAO_DE_ACUCAR,-23.489930917128433,-46.7748460980334,Waypoint,914.4,305,457
SBMT-VP-004 (Parallel 1),22,VP-004,-23.4786111111111,-46.7811111111111,Vertiport,760,305,457
SBMT-VP-004 (Parallel 2),1,SBMT,-23.509,-46.633,Airport,760,305,457
SBMT-VP-004 (Parallel 2),2,LUZ,-23.53860640056516,-46.63306474947433,Waypoint,1219,305,457
SBMT-VP-004 (Parallel 2),3,Geometric GN_149,-23.535355519610242,-46.64152807374524,Geometric Node,1219,305,457
SBMT-VP-004 (Parallel 2),4,Geometric GN_148,-23.531252540615213,-46.64456116201499,Geometric Node,1219,305,457
SBMT-VP-004 (Parallel 2),5,Geometric GN_147,-23.53033488632863,-46.646199830383885,Geometric Node,1219,305,457
SBMT-VP-004 (Parallel 2),6,Geometric GN_146,-23.53058029416979,-46.65219344496607,Geometric Node,1219,305,457
SBMT-VP-004 (Parallel 2),7,Geometric GN_145,-23.528459508758253,-46.66031625899376,Geometric Node,1219,305,457
SBMT-VP-004 (Parallel 2),8,VD_ANTARTICA,-23.526972871645278,-46.671277450585436,Waypoint,1219,305,457
SBMT-VP-004 (Parallel 2),9,Geometric GN_30,-23.5258389929876,-46.67705136954789,Geometric Node,1219,305,457
SBMT-VP-004 (Parallel 2),10,Geometric GN_29,-23.52482262894674,-46.68314955379333,Geometric Node,1219,305,457
SBMT-VP-004 (Parallel 2),11,Geometric GN_28,-23.52377558221212,-46.69278238375133,Geometric Node,1219,305,457
SBMT-VP-004 (Parallel 2),12,Geometric GN_27,-23.52205520837004,-46.69966387911975,Geometric Node,1219,305,457
SBMT-VP-004 (Parallel 2),13,Geometric GN_26,-23.518789758144766,-46.71007250171285,Geometric Node,1219,305,457
SBMT-VP-004 (Parallel 2),14,MARCO_ZERO,-23.516592694569074,-46.727367417894556,Waypoint,1219,305,457
SBMT-VP-004 (Parallel 2),15,Geometric GN_31,-23.518480331799573,-46.737620862360394,Geometric Node,914.4,305,457
SBMT-VP-004 (Parallel 2),16,Geometric GN_32,-23.518659009094304,-46.74633254723625,Geometric Node,914.4,305,457
SBMT-VP-004 (Parallel 2),17,Geometric GN_33,-23.51307726344506,-46.76223814762554,Geometric Node,914.4,305,457
SBMT-VP-004 (Parallel 2),18,Geometric GN_34,-23.503138252853418,-46.7659596921844,Geometric Node,914.4,305,457
SBMT-VP-004 (Parallel 2),19,Geometric GN_35,-23.503510600518236,-46.76561730974362,Geometric Node,914.4,305,457
SBMT-VP-004 (Parallel 2),20,Geometric GN_36,-23.50047341900809,-46.77432366965997,Geometric Node,914.4,305,457
SBMT-VP-004 (Parallel 2),21,PAO_DE_ACUCAR,-23.493073140423256,-46.77872546080176,Waypoint,914.4,305,457
SBMT-VP-004 (Parallel 2),22,VP-004,-23.4786111111111,-46.7811111111111,Vertiport,760,305,457
SBMT-VP-005 (Parallel 1),1,SBMT,-23.509,-46.633,Airport,760,305,457
SBMT-VP-005 (Parallel 1),2,LUZ,-23.53194915499044,-46.637490806081274,Waypoint,1219,305,457
SBMT-VP-005 (Parallel 1),3,Geometric GN_149,-23.531664480389757,-46.638231926254754,Geometric Node,1219,305,457
SBMT-VP-005 (Parallel 1),4,Geometric GN_148,-23.527867459384787,-46.641038837985015,Geometric Node,1219,305,457
SBMT-VP-005 (Parallel 1),5,Geometric GN_147,-23.52570511367137,-46.644900169616115,Geometric Node,1219,305,457
SBMT-VP-005 (Parallel 1),6,Geometric GN_146,-23.525979705830206,-46.65160655503392,Geometric Node,1219,305,457
SBMT-VP-005 (Parallel 1),7,Geometric GN_145,-23.523980491241744,-46.65926374100624,Geometric Node,1219,305,457
SBMT-VP-005 (Parallel 1),8,VD_ANTARTICA,-23.52247157279912,-46.67038921608116,Waypoint,1219,305,457
SBMT-VP-005 (Parallel 1),9,Geometric GN_30,-23.5213534865182,-46.67608271735251,Geometric Node,1219,305,457
SBMT-VP-005 (Parallel 1),10,Geometric GN_29,-23.52029907971026,-46.68240915820047,Geometric Node,1219,305,457
SBMT-VP-005 (Parallel 1),11,Geometric GN_28,-23.519275355595877,-46.69182742005227,Geometric Node,1219,305,457
SBMT-VP-005 (Parallel 1),12,Geometric GN_27,-23.517682496079757,-46.69819885811685,Geometric Node,1219,305,457
SBMT-VP-005 (Parallel 1),13,Geometric GN_26,-23.514321479588634,-46.708912098182346,Geometric Node,1219,305,457
SBMT-VP-005 (Parallel 1),14,MARCO_ZERO,-23.51212250681928,-46.72622204321651,Waypoint,1219,305,457
SBMT-VP-005 (Parallel 1),15,Geometric GN_25,-23.51606374594118,-46.744986135177214,Geometric Node,1219,305,457
SBMT-VP-005 (Parallel 1),16,CEBOLAO,-23.523610537257223,-46.75132475098874,Waypoint,1219,305,457
SBMT-VP-005 (Parallel 1),17,Geometric GN_95,-23.531514765733224,-46.78514040623323,Geometric Node,914.4,305,457
SBMT-VP-005 (Parallel 1),18,Geometric GN_94,-23.525396003261594,-46.800037359544724,Geometric Node,914.4,305,457
SBMT-VP-005 (Parallel 1),19,RODOANEL_CASTELO,-23.523482216371725,-46.83432781320764,Waypoint,914.4,305,457
SBMT-VP-005 (Parallel 1),20,VP-005,-23.5647222222222,-46.8302777777778,Vertiport,760,305,457
SBMT-VP-005 (Parallel 2),1,SBMT,-23.509,-46.633,Airport,760,305,457
SBMT-VP-005 (Parallel 2),2,LUZ,-23.53860640056516,-46.63306474947433,Waypoint,1219,305,457
SBMT-VP-005 (Parallel 2),3,Geometric GN_149,-23.535355519610242,-46.64152807374524,Geometric Node,1219,305,457
SBMT-VP-005 (Parallel 2),4,Geometric GN_148,-23.531252540615213,-46.64456116201499,Geometric Node,1219,305,457
SBMT-VP-005 (Parallel 2),5,Geometric GN_147,-23.53033488632863,-46.646199830383885,Geometric Node,1219,305,457
SBMT-VP-005 (Parallel 2),6,Geometric GN_146,-23.53058029416979,-46.65219344496607,Geometric Node,1219,305,457
SBMT-VP-005 (Parallel 2),7,Geometric GN_145,-23.528459508758253,-46.66031625899376,Geometric Node,1219,305,457
SBMT-VP-005 (Parallel 2),8,VD_ANTARTICA,-23.526972871645278,-46.671277450585436,Waypoint,1219,305,457
SBMT-VP-005 (Parallel 2),9,Geometric GN_30,-23.5258389929876,-46.67705136954789,Geometric Node,1219,305,457
SBMT-VP-005 (Parallel 2),10,Geometric GN_29,-23.52482262894674,-46.68314955379333,Geometric Node,1219,305,457
SBMT-VP-005 (Parallel 2),11,Geometric GN_28,-23.52377558221212,-46.69278238375133,Geometric Node,1219,305,457
SBMT-VP-005 (Parallel 2),12,Geometric GN_27,-23.52205520837004,-46.69966387911975,Geometric Node,1219,305,457
SBMT-VP-005 (Parallel 2),13,Geometric GN_26,-23.518789758144766,-46.71007250171285,Geometric Node,1219,305,457
SBMT-VP-005 (Parallel 2),14,MARCO_ZERO,-23.51676638206952,-46.726000179005695,Waypoint,1219,305,457
SBMT-VP-005 (Parallel 2),15,Geometric GN_25,-23.520153648065616,-46.74212682564658,Geometric Node,1219,305,457
SBMT-VP-005 (Parallel 2),16,CEBOLAO,-23.528611684964975,-46.74923080456685,Waypoint,1219,305,457
SBMT-VP-005 (Parallel 2),17,Geometric GN_95,-23.535910743800176,-46.786640075771494,Geometric Node,914.4,305,457
SBMT-VP-005 (Parallel 2),18,Geometric GN_94,-23.52972637500093,-46.80169540276628,Geometric Node,914.4,305,457
SBMT-VP-005 (Parallel 2),19,RODOANEL_CASTELO,-23.529171874792176,-46.830193872935716,Waypoint,914.4,305,457
SBMT-VP-005 (Parallel 2),20,VP-005,-23.5647222222222,-46.8302777777778,Vertiport,760,305,457
SBMT-VP-006 (Parallel 1),1,SBMT,-23.509,-46.633,Airport,760,305,457
SBMT-VP-006 (Parallel 1),2,LUZ,-23.53194915499044,-46.637490806081274,Waypoint,1219,305,457
SBMT-VP-006 (Parallel 1),3,Geometric GN_149,-23.531664480389757,-46.638231926254754,Geometric Node,1219,305,457
SBMT-VP-006 (Parallel 1),4,Geometric GN_148,-23.527867459384787,-46.641038837985015,Geometric Node,1219,305,457
SBMT-VP-006 (Parallel 1),5,Geometric GN_147,-23.52570511367137,-46.644900169616115,Geometric Node,1219,305,457
SBMT-VP-006 (Parallel 1),6,Geometric GN_146,-23.525979705830206,-46.65160655503392,Geometric Node,1219,305,457
SBMT-VP-006 (Parallel 1),7,Geometric GN_145,-23.523980491241744,-46.65926374100624,Geometric Node,1219,305,457
SBMT-VP-006 (Parallel 1),8,VD_ANTARTICA,-23.52247157279912,-46.67038921608116,Waypoint,1219,305,457
SBMT-VP-006 (Parallel 1),9,Geometric GN_30,-23.5213534865182,-46.67608271735251,Geometric Node,1219,305,457
SBMT-VP-006 (Parallel 1),10,Geometric GN_29,-23.52029907971026,-46.68240915820047,Geometric Node,1219,305,457
SBMT-VP-006 (Parallel 1),11,Geometric GN_28,-23.519275355595877,-46.69182742005227,Geometric Node,1219,305,457
SBMT-VP-006 (Parallel 1),12,Geometric GN_27,-23.517682496079757,-46.69819885811685,Geometric Node,1219,305,457
SBMT-VP-006 (Parallel 1),13,Geometric GN_26,-23.514321479588634,-46.708912098182346,Geometric Node,1219,305,457
SBMT-VP-006 (Parallel 1),14,MARCO_ZERO,-23.51212250681928,-46.72622204321651,Waypoint,1219,305,457
SBMT-VP-006 (Parallel 1),15,Geometric GN_25,-23.51606374594118,-46.744986135177214,Geometric Node,1219,305,457
SBMT-VP-006 (Parallel 1),16,CEBOLAO,-23.525623394111516,-46.75301536700669,Waypoint,1219,305,457
SBMT-VP-006 (Parallel 1),17,Geometric GN_126,-23.535109057008345,-46.750126521315494,Geometric Node,1219,305,457
SBMT-VP-006 (Parallel 1),18,VP-006,-23.5466666666667,-46.7369444444444,Vertiport,760,305,457
SBMT-VP-006 (Parallel 2),1,SBMT,-23.509,-46.633,Airport,760,305,457
SBMT-VP-006 (Parallel 2),2,LUZ,-23.53860640056516,-46.63306474947433,Waypoint,1219,305,457
SBMT-VP-006 (Parallel 2),3,Geometric GN_149,-23.535355519610242,-46.64152807374524,Geometric Node,1219,305,457
SBMT-VP-006 (Parallel 2),4,Geometric GN_148,-23.531252540615213,-46.64456116201499,Geometric Node,1219,305,457
SBMT-VP-006 (Parallel 2),5,Geometric GN_147,-23.53033488632863,-46.646199830383885,Geometric Node,1219,305,457
SBMT-VP-006 (Parallel 2),6,Geometric GN_146,-23.53058029416979,-46.65219344496607,Geometric Node,1219,305,457
SBMT-VP-006 (Parallel 2),7,Geometric GN_145,-23.528459508758253,-46.66031625899376,Geometric Node,1219,305,457
SBMT-VP-006 (Parallel 2),8,VD_ANTARTICA,-23.526972871645278,-46.671277450585436,Waypoint,1219,305,457
SBMT-VP-006 (Parallel 2),9,Geometric GN_30,-23.5258389929876,-46.67705136954789,Geometric Node,1219,305,457
SBMT-VP-006 (Parallel 2),10,Geometric GN_29,-23.52482262894674,-46.68314955379333,Geometric Node,1219,305,457
SBMT-VP-006 (Parallel 2),11,Geometric GN_28,-23.52377558221212,-46.69278238375133,Geometric Node,1219,305,457
SBMT-VP-006 (Parallel 2),12,Geometric GN_27,-23.52205520837004,-46.69966387911975,Geometric Node,1219,305,457
SBMT-VP-006 (Parallel 2),13,Geometric GN_26,-23.518789758144766,-46.71007250171285,Geometric Node,1219,305,457
SBMT-VP-006 (Parallel 2),14,MARCO_ZERO,-23.51676638206952,-46.726000179005695,Waypoint,1219,305,457
SBMT-VP-006 (Parallel 2),15,Geometric GN_25,-23.520153648065616,-46.74212682564658,Geometric Node,1219,305,457
SBMT-VP-006 (Parallel 2),16,CEBOLAO,-23.526598828110682,-46.7475401885489,Waypoint,1219,305,457
SBMT-VP-006 (Parallel 2),17,Geometric GN_126,-23.532990942991656,-46.74559347868451,Geometric Node,1219,305,457
SBMT-VP-006 (Parallel 2),18,VP-006,-23.5466666666667,-46.7369444444444,Vertiport,760,305,457
VP-001-VP-002 (Parallel 1),1,VP-001,-23.4866666666667,-46.8566666666667,Vertiport,760,305,457
VP-001-VP-002 (Parallel 1),2,RODOANEL_CASTELO,-23.528440976139947,-46.83330837205112,Waypoint,914.4,305,457
VP-001-VP-002 (Parallel 1),3,Geometric GN_94,-23.52972637500093,-46.80169540276628,Geometric Node,914.4,305,457
VP-001-VP-002 (Parallel 1),4,Geometric GN_95,-23.535910743800176,-46.786640075771494,Geometric Node,914.4,305,457
VP-001-VP-002 (Parallel 1),5,CEBOLAO,-23.528611684964975,-46.74923080456685,Waypoint,1219,305,457
VP-001-VP-002 (Parallel 1),6,Geometric GN_25,-23.520153648065616,-46.74212682564658,Geometric Node,1219,305,457
VP-001-VP-002 (Parallel 1),7,MARCO_ZERO,-23.51676638206952,-46.726000179005695,Waypoint,1219,305,457
VP-001-VP-002 (Parallel 1),8,Geometric GN_26,-23.518789758144766,-46.71007250171285,Geometric Node,1219,305,457
VP-001-VP-002 (Parallel 1),9,Geometric GN_27,-23.52205520837004,-46.69966387911975,Geometric Node,1219,305,457
VP-001-VP-002 (Parallel 1),10,Geometric GN_28,-23.52377558221212,-46.69278238375133,Geometric Node,1219,305,457
VP-001-VP-002 (Parallel 1),11,Geometric GN_29,-23.52482262894674,-46.68314955379333,Geometric Node,1219,305,457
VP-001-VP-002 (Parallel 1),12,Geometric GN_30,-23.5258389929876,-46.67705136954789,Geometric Node,1219,305,457
VP-001-VP-002 (Parallel 1),13,VD_ANTARTICA,-23.52644928164613,-46.6739436672958,Waypoint,1219,305,457
VP-001-VP-002 (Parallel 1),14,Geometric GN_137,-23.551945029374984,-46.68165720167463,Geometric Node,1219,305,457
VP-001-VP-002 (Parallel 1),15,Geometric GN_136,-23.556612734308374,-46.68455117873327,Geometric Node,1219,305,457
VP-001-VP-002 (Parallel 1),16,Geometric GN_135,-23.56354589504475,-46.68098830446601,Geometric Node,1219,305,457
VP-001-VP-002 (Parallel 1),17,Geometric GN_134,-23.574747024642548,-46.67071288805819,Geometric Node,1219,305,457
VP-001-VP-002 (Parallel 1),18,VP-002,-23.5622222222222,-46.655,Vertiport,760,305,457
VP-001-VP-002 (Parallel 2),1,VP-001,-23.4866666666667,-46.8566666666667,Vertiport,760,305,457
VP-001-VP-002 (Parallel 2),2,RODOANEL_CASTELO,-23.524213115023954,-46.8312133140757,Waypoint,914.4,305,457
VP-001-VP-002 (Parallel 2),3,Geometric GN_94,-23.525396003261594,-46.800037359544724,Geometric Node,914.4,305,457
VP-001-VP-002 (Parallel 2),4,Geometric GN_95,-23.531514765733224,-46.78514040623323,Geometric Node,914.4,305,457
VP-001-VP-002 (Parallel 2),5,CEBOLAO,-23.523610537257223,-46.75132475098874,Waypoint,1219,305,457
VP-001-VP-002 (Parallel 2),6,Geometric GN_25,-23.51606374594118,-46.744986135177214,Geometric Node,1219,305,457
VP-001-VP-002 (Parallel 2),7,MARCO_ZERO,-23.51212250681928,-46.72622204321651,Waypoint,1219,305,457
VP-001-VP-002 (Parallel 2),8,Geometric GN_26,-23.514321479588634,-46.708912098182346,Geometric Node,1219,305,457
VP-001-VP-002 (Parallel 2),9,Geometric GN_27,-23.517682496079757,-46.69819885811685,Geometric Node,1219,305,457
VP-001-VP-002 (Parallel 2),10,Geometric GN_28,-23.519275355595877,-46.69182742005227,Geometric Node,1219,305,457
VP-001-VP-002 (Parallel 2),11,Geometric GN_29,-23.52029907971026,-46.68240915820047,Geometric Node,1219,305,457
VP-001-VP-002 (Parallel 2),12,Geometric GN_30,-23.5213534865182,-46.67608271735251,Geometric Node,1219,305,457
VP-001-VP-002 (Parallel 2),13,VD_ANTARTICA,-23.522995162798267,-46.667722999370795,Waypoint,1219,305,457
VP-001-VP-002 (Parallel 2),14,Geometric GN_137,-23.55371221376462,-46.677016197246964,Geometric Node,1219,305,457
VP-001-VP-002 (Parallel 2),15,Geometric GN_136,-23.556809899514626,-46.67893676241192,Geometric Node,1219,305,457
VP-001-VP-002 (Parallel 2),16,Geometric GN_135,-23.561058901362248,-46.676753247573586,Geometric Node,1219,305,457
VP-001-VP-002 (Parallel 2),17,Geometric GN_134,-23.568650017218253,-46.66978949666441,Geometric Node,1219,305,457
VP-001-VP-002 (Parallel 2),18,VP-002,-23.5622222222222,-46.655,Vertiport,760,305,457
VP-001-VP-003 (Parallel 1),1,VP-001,-23.4866666666667,-46.8566666666667,Vertiport,760,305,457
VP-001-VP-003 (Parallel 1),2,RODOANEL_CASTELO,-23.528440976139947,-46.83330837205112,Waypoint,914.4,305,457
VP-001-VP-003 (Parallel 1),3,Geometric GN_94,-23.52972637500093,-46.80169540276628,Geometric Node,914.4,305,457
VP-001-VP-003 (Parallel 1),4,Geometric GN_95,-23.535910743800176,-46.786640075771494,Geometric Node,914.4,305,457
VP-001-VP-003 (Parallel 1),5,CEBOLAO,-23.528101428313345,-46.75226068507202,Waypoint,1219,305,457
VP-001-VP-003 (Parallel 1),6,Geometric GN_126,-23.535255230970282,-46.75008200423485,Geometric Node,1219,305,457
VP-001-VP-003 (Parallel 1),7,PONTE_JAGUARE,-23.547661812105744,-46.736249338949946,Waypoint,1219,305,457
VP-001-VP-003 (Parallel 1),8,Geometric GN_130,-23.562630800377182,-46.70853122413583,Geometric Node,1219,305,457
VP-001-VP-003 (Parallel 1),9,Geometric GN_129,-23.57201626216759,-46.702958606197676,Geometric Node,1219,305,457
VP-001-VP-003 (Parallel 1),10,Geometric GN_128,-23.586939029582368,-46.694068446886796,Geometric Node,1219,305,457
VP-001-VP-003 (Parallel 1),11,VP-003,-23.5911111111111,-46.6855555555556,Vertiport,760,305,457
VP-001-VP-003 (Parallel 2),1,VP-001,-23.4866666666667,-46.8566666666667,Vertiport,760,305,457
VP-001-VP-003 (Parallel 2),2,RODOANEL_CASTELO,-23.524213115023954,-46.8312133140757,Waypoint,914.4,305,457
VP-001-VP-003 (Parallel 2),3,Geometric GN_94,-23.525396003261594,-46.800037359544724,Geometric Node,914.4,305,457
VP-001-VP-003 (Parallel 2),4,Geometric GN_95,-23.531514765733224,-46.78514040623323,Geometric Node,914.4,305,457
VP-001-VP-003 (Parallel 2),5,CEBOLAO,-23.524120793908853,-46.748294870483576,Waypoint,1219,305,457
VP-001-VP-003 (Parallel 2),6,Geometric GN_126,-23.53284476902972,-46.74563799576516,Geometric Node,1219,305,457
VP-001-VP-003 (Parallel 2),7,PONTE_JAGUARE,-23.544004854560853,-46.73319510549446,Waypoint,1219,305,457
VP-001-VP-003 (Parallel 2),8,Geometric GN_130,-23.559333763197618,-46.70481052519657,Geometric Node,1219,305,457
VP-001-VP-003 (Parallel 2),9,Geometric GN_129,-23.56982770155641,-46.698579749295924,Geometric Node,1219,305,457
VP-001-VP-003 (Parallel 2),10,Geometric GN_128,-23.58410280311103,-46.6900754334762,Geometric Node,1219,305,457
VP-001-VP-003 (Parallel 2),11,VP-003,-23.5911111111111,-46.6855555555556,Vertiport,760,305,457
VP-001-VP-004 (Parallel 1),1,VP-001,-23.4866666666667,-46.8566666666667,Vertiport,760,305,457
VP-001-VP-004 (Parallel 1),2,Geometric GN_108,-23.49856943440076,-46.828821658363516,Geometric Node,914.4,305,457
VP-001-VP-004 (Parallel 1),3,IMPERIAL,-23.483821783773077,-46.81114081009397,Waypoint,914.4,305,457
VP-001-VP-004 (Parallel 1),4,VP-004,-23.4786111111111,-46.7811111111111,Vertiport,760,305,457
VP-001-VP-004 (Parallel 2),1,VP-001,-23.4866666666667,-46.8566666666667,Vertiport,760,305,457
VP-001-VP-004 (Parallel 2),2,Geometric GN_108,-23.493286496771734,-46.82977739658175,Geometric Node,914.4,305,457
VP-001-VP-004 (Parallel 2),3,IMPERIAL,-23.479928950546952,-46.81385369960042,Waypoint,914.4,305,457
VP-001-VP-004 (Parallel 2),4,VP-004,-23.4786111111111,-46.7811111111111,Vertiport,760,305,457
VP-001-VP-005 (Parallel 1),1,VP-001,-23.4866666666667,-46.8566666666667,Vertiport,760,305,457
VP-001-VP-005 (Parallel 1),2,RODOANEL_CASTELO,-23.527405136774714,-46.83495268153639,Waypoint,914.4,305,457
VP-001-VP-005 (Parallel 1),3,VP-005,-23.5647222222222,-46.8302777777778,Vertiport,760,305,457
VP-001-VP-005 (Parallel 2),1,VP-001,-23.4866666666667,-46.8566666666667,Vertiport,760,305,457
VP-001-VP-005 (Parallel 2),2,RODOANEL_CASTELO,-23.525248954389188,-46.829569004575326,Waypoint,914.4,305,457
VP-001-VP-005 (Parallel 2),3,VP-005,-23.5647222222222,-46.8302777777778,Vertiport,760,305,457
VP-001-VP-006 (Parallel 1),1,VP-001,-23.4866666666667,-46.8566666666667,Vertiport,760,305,457
VP-001-VP-006 (Parallel 1),2,RODOANEL_CASTELO,-23.528440976139947,-46.83330837205112,Waypoint,914.4,305,457
VP-001-VP-006 (Parallel 1),3,Geometric GN_94,-23.52972637500093,-46.80169540276628,Geometric Node,914.4,305,457
VP-001-VP-006 (Parallel 1),4,Geometric GN_95,-23.535910743800176,-46.786640075771494,Geometric Node,914.4,305,457
VP-001-VP-006 (Parallel 1),5,CEBOLAO,-23.528101428313345,-46.75226068507202,Waypoint,1219,305,457
VP-001-VP-006 (Parallel 1),6,Geometric GN_126,-23.535109057008345,-46.750126521315494,Geometric Node,1219,305,457
VP-001-VP-006 (Parallel 1),7,VP-006,-23.5466666666667,-46.7369444444444,Vertiport,760,305,457
VP-001-VP-006 (Parallel 2),1,VP-001,-23.4866666666667,-46.8566666666667,Vertiport,760,305,457
VP-001-VP-006 (Parallel 2),2,RODOANEL_CASTELO,-23.524213115023954,-46.8312133140757,Waypoint,914.4,305,457
VP-001-VP-006 (Parallel 2),3,Geometric GN_94,-23.525396003261594,-46.800037359544724,Geometric Node,914.4,305,457
VP-001-VP-006 (Parallel 2),4,Geometric GN_95,-23.531514765733224,-46.78514040623323,Geometric Node,914.4,305,457
VP-001-VP-006 (Parallel 2),5,CEBOLAO,-23.524120793908853,-46.748294870483576,Waypoint,1219,305,457
VP-001-VP-006 (Parallel 2),6,Geometric GN_126,-23.532990942991656,-46.74559347868451,Geometric Node,1219,305,457
VP-001-VP-006 (Parallel 2),7,VP-006,-23.5466666666667,-46.7369444444444,Vertiport,760,305,457
VP-002-VP-003 (Parallel 1),1,VP-002,-23.5622222222222,-46.655,Vertiport,760,305,457
VP-002-VP-003 (Parallel 1),2,ANA_ROSA,-23.581615904174935,-46.64176541246878,Waypoint,1219,305,457
VP-002-VP-003 (Parallel 1),3,CEBOLINHA,-23.58936597520106,-46.65172978950229,Waypoint,1219,305,457
VP-002-VP-003 (Parallel 1),4,VP-003,-23.5911111111111,-46.6855555555556,Vertiport,760,305,457
VP-002-VP-003 (Parallel 2),1,VP-002,-23.5622222222222,-46.655,Vertiport,760,305,457
VP-002-VP-003 (Parallel 2),2,ANA_ROSA,-23.582272984713864,-46.63490125419782,Waypoint,1219,305,457
VP-002-VP-003 (Parallel 2),3,CEBOLINHA,-23.593967358132343,-46.649936877164315,Waypoint,1219,305,457
VP-002-VP-003 (Parallel 2),4,VP-003,-23.5911111111111,-46.6855555555556,Vertiport,760,305,457
VP-002-VP-004 (Parallel 1),1,VP-002,-23.5622222222222,-46.655,Vertiport,760,305,457
VP-002-VP-004 (Parallel 1),2,Geometric GN_134,-23.568650017218253,-46.66978949666441,Geometric Node,1219,305,457
VP-002-VP-004 (Parallel 1),3,Geometric GN_135,-23.561058901362248,-46.676753247573586,Geometric Node,1219,305,457
VP-002-VP-004 (Parallel 1),4,Geometric GN_136,-23.556809899514626,-46.67893676241192,Geometric Node,1219,305,457
VP-002-VP-004 (Parallel 1),5,Geometric GN_137,-23.55371221376462,-46.677016197246964,Geometric Node,1219,305,457
VP-002-VP-004 (Parallel 1),6,VD_ANTARTICA,-23.522995162798267,-46.667722999370795,Waypoint,1219,305,457
VP-002-VP-004 (Parallel 1),7,Geometric GN_30,-23.5213534865182,-46.67608271735251,Geometric Node,1219,305,457
VP-002-VP-004 (Parallel 1),8,Geometric GN_29,-23.52029907971026,-46.68240915820047,Geometric Node,1219,305,457
VP-002-VP-004 (Parallel 1),9,Geometric GN_28,-23.519275355595877,-46.69182742005227,Geometric Node,1219,305,457
VP-002-VP-004 (Parallel 1),10,Geometric GN_27,-23.517682496079757,-46.69819885811685,Geometric Node,1219,305,457
VP-002-VP-004 (Parallel 1),11,Geometric GN_26,-23.514321479588634,-46.708912098182346,Geometric Node,1219,305,457
VP-002-VP-004 (Parallel 1),12,MARCO_ZERO,-23.512296194319728,-46.72485480432765,Waypoint,1219,305,457
VP-002-VP-004 (Parallel 1),13,Geometric GN_31,-23.514022994171626,-46.735263320477685,Geometric Node,914.4,305,457
VP-002-VP-004 (Parallel 1),14,Geometric GN_32,-23.51412521440881,-46.7454532607564,Geometric Node,914.4,305,457
VP-002-VP-004 (Parallel 1),15,Geometric GN_33,-23.509453432119745,-46.75809802321997,Geometric Node,914.4,305,457
VP-002-VP-004 (Parallel 1),16,Geometric GN_34,-23.500832318592792,-46.761453530510536,Geometric Node,914.4,305,457
VP-002-VP-004 (Parallel 1),17,Geometric GN_35,-23.499507422000907,-46.762902676244245,Geometric Node,914.4,305,457
VP-002-VP-004 (Parallel 1),18,Geometric GN_36,-23.496717011493725,-46.77076998893733,Geometric Node,914.4,305,457
VP-002-VP-004 (Parallel 1),19,PAO_DE_ACUCAR,-23.489930917128433,-46.7748460980334,Waypoint,914.4,305,457
VP-002-VP-004 (Parallel 1),20,VP-004,-23.4786111111111,-46.7811111111111,Vertiport,760,305,457
VP-002-VP-004 (Parallel 2),1,VP-002,-23.5622222222222,-46.655,Vertiport,760,305,457
VP-002-VP-004 (Parallel 2),2,Geometric GN_134,-23.574747024642548,-46.67071288805819,Geometric Node,1219,305,457
VP-002-VP-004 (Parallel 2),3,Geometric GN_135,-23.56354589504475,-46.68098830446601,Geometric Node,1219,305,457
VP-002-VP-004 (Parallel 2),4,Geometric GN_136,-23.556612734308374,-46.68455117873327,Geometric Node,1219,305,457
VP-002-VP-004 (Parallel 2),5,Geometric GN_137,-23.551945029374984,-46.68165720167463,Geometric Node,1219,305,457
VP-002-VP-004 (Parallel 2),6,VD_ANTARTICA,-23.52644928164613,-46.6739436672958,Waypoint,1219,305,457
VP-002-VP-004 (Parallel 2),7,Geometric GN_30,-23.5258389929876,-46.67705136954789,Geometric Node,1219,305,457
VP-002-VP-004 (Parallel 2),8,Geometric GN_29,-23.52482262894674,-46.68314955379333,Geometric Node,1219,305,457
VP-002-VP-004 (Parallel 2),9,Geometric GN_28,-23.52377558221212,-46.69278238375133,Geometric Node,1219,305,457
VP-002-VP-004 (Parallel 2),10,Geometric GN_27,-23.52205520837004,-46.69966387911975,Geometric Node,1219,305,457
VP-002-VP-004 (Parallel 2),11,Geometric GN_26,-23.518789758144766,-46.71007250171285,Geometric Node,1219,305,457
VP-002-VP-004 (Parallel 2),12,MARCO_ZERO,-23.516592694569074,-46.727367417894556,Waypoint,1219,305,457
VP-002-VP-004 (Parallel 2),13,Geometric GN_31,-23.518480331799573,-46.737620862360394,Geometric Node,914.4,305,457
VP-002-VP-004 (Parallel 2),14,Geometric GN_32,-23.518659009094304,-46.74633254723625,Geometric Node,914.4,305,457
VP-002-VP-004 (Parallel 2),15,Geometric GN_33,-23.51307726344506,-46.76223814762554,Geometric Node,914.4,305,457
VP-002-VP-004 (Parallel 2),16,Geometric GN_34,-23.503138252853418,-46.7659596921844,Geometric Node,914.4,305,457
VP-002-VP-004 (Parallel 2),17,Geometric GN_35,-23.503510600518236,-46.76561730974362,Geometric Node,914.4,305,457
VP-002-VP-004 (Parallel 2),18,Geometric GN_36,-23.50047341900809,-46.77432366965997,Geometric Node,914.4,305,457
VP-002-VP-004 (Parallel 2),19,PAO_DE_ACUCAR,-23.493073140423256,-46.77872546080176,Waypoint,914.4,305,457
VP-002-VP-004 (Parallel 2),20,VP-004,-23.4786111111111,-46.7811111111111,Vertiport,760,305,457
VP-002-VP-005 (Parallel 1),1,VP-002,-23.5622222222222,-46.655,Vertiport,760,305,457
VP-002-VP-005 (Parallel 1),2,Geometric GN_134,-23.568650017218253,-46.66978949666441,Geometric Node,1219,305,457
VP-002-VP-005 (Parallel 1),3,Geometric GN_135,-23.561058901362248,-46.676753247573586,Geometric Node,1219,305,457
VP-002-VP-005 (Parallel 1),4,Geometric GN_136,-23.556809899514626,-46.67893676241192,Geometric Node,1219,305,457
VP-002-VP-005 (Parallel 1),5,Geometric GN_137,-23.55371221376462,-46.677016197246964,Geometric Node,1219,305,457
VP-002-VP-005 (Parallel 1),6,VD_ANTARTICA,-23.522995162798267,-46.667722999370795,Waypoint,1219,305,457
VP-002-VP-005 (Parallel 1),7,Geometric GN_30,-23.5213534865182,-46.67608271735251,Geometric Node,1219,305,457
VP-002-VP-005 (Parallel 1),8,Geometric GN_29,-23.52029907971026,-46.68240915820047,Geometric Node,1219,305,457
VP-002-VP-005 (Parallel 1),9,Geometric GN_28,-23.519275355595877,-46.69182742005227,Geometric Node,1219,305,457
VP-002-VP-005 (Parallel 1),10,Geometric GN_27,-23.517682496079757,-46.69819885811685,Geometric Node,1219,305,457
VP-002-VP-005 (Parallel 1),11,Geometric GN_26,-23.514321479588634,-46.708912098182346,Geometric Node,1219,305,457
VP-002-VP-005 (Parallel 1),12,MARCO_ZERO,-23.51212250681928,-46.72622204321651,Waypoint,1219,305,457
VP-002-VP-005 (Parallel 1),13,Geometric GN_25,-23.51606374594118,-46.744986135177214,Geometric Node,1219,305,457
VP-002-VP-005 (Parallel 1),14,CEBOLAO,-23.523610537257223,-46.75132475098874,Waypoint,1219,305,457
VP-002-VP-005 (Parallel 1),15,Geometric GN_95,-23.531514765733224,-46.78514040623323,Geometric Node,914.4,305,457
VP-002-VP-005 (Parallel 1),16,Geometric GN_94,-23.525396003261594,-46.800037359544724,Geometric Node,914.4,305,457
VP-002-VP-005 (Parallel 1),17,RODOANEL_CASTELO,-23.523482216371725,-46.83432781320764,Waypoint,914.4,305,457
VP-002-VP-005 (Parallel 1),18,VP-005,-23.5647222222222,-46.8302777777778,Vertiport,760,305,457
VP-002-VP-005 (Parallel 2),1,VP-002,-23.5622222222222,-46.655,Vertiport,760,305,457
VP-002-VP-005 (Parallel 2),2,Geometric GN_134,-23.574747024642548,-46.67071288805819,Geometric Node,1219,305,457
VP-002-VP-005 (Parallel 2),3,Geometric GN_135,-23.56354589504475,-46.68098830446601,Geometric Node,1219,305,457
VP-002-VP-005 (Parallel 2),4,Geometric GN_136,-23.556612734308374,-46.68455117873327,Geometric Node,1219,305,457
VP-002-VP-005 (Parallel 2),5,Geometric GN_137,-23.551945029374984,-46.68165720167463,Geometric Node,1219,305,457
VP-002-VP-005 (Parallel 2),6,VD_ANTARTICA,-23.52644928164613,-46.6739436672958,Waypoint,1219,305,457
VP-002-VP-005 (Parallel 2),7,Geometric GN_30,-23.5258389929876,-46.67705136954789,Geometric Node,1219,305,457
VP-002-VP-005 (Parallel 2),8,Geometric GN_29,-23.52482262894674,-46.68314955379333,Geometric Node,1219,305,457
VP-002-VP-005 (Parallel 2),9,Geometric GN_28,-23.52377558221212,-46.69278238375133,Geometric Node,1219,305,457
VP-002-VP-005 (Parallel 2),10,Geometric GN_27,-23.52205520837004,-46.69966387911975,Geometric Node,1219,305,457
VP-002-VP-005 (Parallel 2),11,Geometric GN_26,-23.518789758144766,-46.71007250171285,Geometric Node,1219,305,457
VP-002-VP-005 (Parallel 2),12,MARCO_ZERO,-23.51676638206952,-46.726000179005695,Waypoint,1219,305,457
VP-002-VP-005 (Parallel 2),13,Geometric GN_25,-23.520153648065616,-46.74212682564658,Geometric Node,1219,305,457
VP-002-VP-005 (Parallel 2),14,CEBOLAO,-23.528611684964975,-46.74923080456685,Waypoint,1219,305,457
VP-002-VP-005 (Parallel 2),15,Geometric GN_95,-23.535910743800176,-46.786640075771494,Geometric Node,914.4,305,457
VP-002-VP-005 (Parallel 2),16,Geometric GN_94,-23.52972637500093,-46.80169540276628,Geometric Node,914.4,305,457
VP-002-VP-005 (Parallel 2),17,RODOANEL_CASTELO,-23.529171874792176,-46.830193872935716,Waypoint,914.4,305,457
VP-002-VP-005 (Parallel 2),18,VP-005,-23.5647222222222,-46.8302777777778,Vertiport,760,305,457
VP-002-VP-006 (Parallel 1),1,VP-002,-23.5622222222222,-46.655,Vertiport,760,305,457
VP-002-VP-006 (Parallel 1),2,Geometric GN_134,-23.568650017218253,-46.66978949666441,Geometric Node,1219,305,457
VP-002-VP-006 (Parallel 1),3,Geometric GN_135,-23.561058901362248,-46.676753247573586,Geometric Node,1219,305,457
VP-002-VP-006 (Parallel 1),4,Geometric GN_136,-23.556809899514626,-46.67893676241192,Geometric Node,1219,305,457
VP-002-VP-006 (Parallel 1),5,Geometric GN_137,-23.55371221376462,-46.677016197246964,Geometric Node,1219,305,457
VP-002-VP-006 (Parallel 1),6,VD_ANTARTICA,-23.522995162798267,-46.667722999370795,Waypoint,1219,305,457
VP-002-VP-006 (Parallel 1),7,Geometric GN_30,-23.5213534865182,-46.67608271735251,Geometric Node,1219,305,457
VP-002-VP-006 (Parallel 1),8,Geometric GN_29,-23.52029907971026,-46.68240915820047,Geometric Node,1219,305,457
VP-002-VP-006 (Parallel 1),9,Geometric GN_28,-23.519275355595877,-46.69182742005227,Geometric Node,1219,305,457
VP-002-VP-006 (Parallel 1),10,Geometric GN_27,-23.517682496079757,-46.69819885811685,Geometric Node,1219,305,457
VP-002-VP-006 (Parallel 1),11,Geometric GN_26,-23.514321479588634,-46.708912098182346,Geometric Node,1219,305,457
VP-002-VP-006 (Parallel 1),12,MARCO_ZERO,-23.51212250681928,-46.72622204321651,Waypoint,1219,305,457
VP-002-VP-006 (Parallel 1),13,Geometric GN_25,-23.51606374594118,-46.744986135177214,Geometric Node,1219,305,457
VP-002-VP-006 (Parallel 1),14,CEBOLAO,-23.525623394111516,-46.75301536700669,Waypoint,1219,305,457
VP-002-VP-006 (Parallel 1),15,Geometric GN_126,-23.535109057008345,-46.750126521315494,Geometric Node,1219,305,457
VP-002-VP-006 (Parallel 1),16,VP-006,-23.5466666666667,-46.7369444444444,Vertiport,760,305,457
VP-002-VP-006 (Parallel 2),1,VP-002,-23.5622222222222,-46.655,Vertiport,760,305,457
VP-002-VP-006 (Parallel 2),2,Geometric GN_134,-23.574747024642548,-46.67071288805819,Geometric Node,1219,305,457
VP-002-VP-006 (Parallel 2),3,Geometric GN_135,-23.56354589504475,-46.68098830446601,Geometric Node,1219,305,457
VP-002-VP-006 (Parallel 2),4,Geometric GN_136,-23.556612734308374,-46.68455117873327,Geometric Node,1219,305,457
VP-002-VP-006 (Parallel 2),5,Geometric GN_137,-23.551945029374984,-46.68165720167463,Geometric Node,1219,305,457
VP-002-VP-006 (Parallel 2),6,VD_ANTARTICA,-23.52644928164613,-46.6739436672958,Waypoint,1219,305,457
VP-002-VP-006 (Parallel 2),7,Geometric GN_30,-23.5258389929876,-46.67705136954789,Geometric Node,1219,305,457
VP-002-VP-006 (Parallel 2),8,Geometric GN_29,-23.52482262894674,-46.68314955379333,Geometric Node,1219,305,457
VP-002-VP-006 (Parallel 2),9,Geometric GN_28,-23.52377558221212,-46.69278238375133,Geometric Node,1219,305,457
VP-002-VP-006 (Parallel 2),10,Geometric GN_27,-23.52205520837004,-46.69966387911975,Geometric Node,1219,305,457
VP-002-VP-006 (Parallel 2),11,Geometric GN_26,-23.518789758144766,-46.71007250171285,Geometric Node,1219,305,457
VP-002-VP-006 (Parallel 2),12,MARCO_ZERO,-23.51676638206952,-46.726000179005695,Waypoint,1219,305,457
VP-002-VP-006 (Parallel 2),13,Geometric GN_25,-23.520153648065616,-46.74212682564658,Geometric Node,1219,305,457
VP-002-VP-006 (Parallel 2),14,CEBOLAO,-23.526598828110682,-46.7475401885489,Waypoint,1219,305,457
VP-002-VP-006 (Parallel 2),15,Geometric GN_126,-23.532990942991656,-46.74559347868451,Geometric Node,1219,305,457
VP-002-VP-006 (Parallel 2),16,VP-006,-23.5466666666667,-46.7369444444444,Vertiport,760,305,457
VP-003-VP-004 (Parallel 1),1,VP-003,-23.5911111111111,-46.6855555555556,Vertiport,760,305,457
VP-003-VP-004 (Parallel 1),2,Geometric GN_128,-23.58410280311103,-46.6900754334762,Geometric Node,1219,305,457
VP-003-VP-004 (Parallel 1),3,Geometric GN_129,-23.56982770155641,-46.698579749295924,Geometric Node,1219,305,457
VP-003-VP-004 (Parallel 1),4,Geometric GN_130,-23.559333763197618,-46.70481052519657,Geometric Node,1219,305,457
VP-003-VP-004 (Parallel 1),5,PONTE_JAGUARE,-23.544004854560853,-46.73319510549446,Waypoint,1219,305,457
VP-003-VP-004 (Parallel 1),6,Geometric GN_126,-23.53284476902972,-46.74563799576516,Geometric Node,1219,305,457
VP-003-VP-004 (Parallel 1),7,CEBOLAO,-23.526598828110682,-46.7475401885489,Waypoint,1219,305,457
VP-003-VP-004 (Parallel 1),8,Geometric GN_25,-23.520153648065616,-46.74212682564658,Geometric Node,1219,305,457
VP-003-VP-004 (Parallel 1),9,MARCO_ZERO,-23.51581295517054,-46.72146094922112,Waypoint,1219,305,457
VP-003-VP-004 (Parallel 1),10,Geometric GN_31,-23.514022994171626,-46.735263320477685,Geometric Node,914.4,305,457
VP-003-VP-004 (Parallel 1),11,Geometric GN_32,-23.51412521440881,-46.7454532607564,Geometric Node,914.4,305,457
VP-003-VP-004 (Parallel 1),12,Geometric GN_33,-23.509453432119745,-46.75809802321997,Geometric Node,914.4,305,457
VP-003-VP-004 (Parallel 1),13,Geometric GN_34,-23.500832318592792,-46.761453530510536,Geometric Node,914.4,305,457
VP-003-VP-004 (Parallel 1),14,Geometric GN_35,-23.499507422000907,-46.762902676244245,Geometric Node,914.4,305,457
VP-003-VP-004 (Parallel 1),15,Geometric GN_36,-23.496717011493725,-46.77076998893733,Geometric Node,914.4,305,457
VP-003-VP-004 (Parallel 1),16,PAO_DE_ACUCAR,-23.489930917128433,-46.7748460980334,Waypoint,914.4,305,457
VP-003-VP-004 (Parallel 1),17,VP-004,-23.4786111111111,-46.7811111111111,Vertiport,760,305,457
VP-003-VP-004 (Parallel 2),1,VP-003,-23.5911111111111,-46.6855555555556,Vertiport,760,305,457
VP-003-VP-004 (Parallel 2),2,Geometric GN_128,-23.586939029582368,-46.694068446886796,Geometric Node,1219,305,457
VP-003-VP-004 (Parallel 2),3,Geometric GN_129,-23.57201626216759,-46.702958606197676,Geometric Node,1219,305,457
VP-003-VP-004 (Parallel 2),4,Geometric GN_130,-23.562630800377182,-46.70853122413583,Geometric Node,1219,305,457
VP-003-VP-004 (Parallel 2),5,PONTE_JAGUARE,-23.547661812105744,-46.736249338949946,Waypoint,1219,305,457
VP-003-VP-004 (Parallel 2),6,Geometric GN_126,-23.535255230970282,-46.75008200423485,Geometric Node,1219,305,457
VP-003-VP-004 (Parallel 2),7,CEBOLAO,-23.525623394111516,-46.75301536700669,Waypoint,1219,305,457
VP-003-VP-004 (Parallel 2),8,Geometric GN_25,-23.51606374594118,-46.744986135177214,Geometric Node,1219,305,457
VP-003-VP-004 (Parallel 2),9,MARCO_ZERO,-23.513075933718262,-46.730761273001086,Waypoint,1219,305,457
VP-003-VP-004 (Parallel 2),10,Geometric GN_31,-23.518480331799573,-46.737620862360394,Geometric Node,914.4,305,457
VP-003-VP-004 (Parallel 2),11,Geometric GN_32,-23.518659009094304,-46.74633254723625,Geometric Node,914.4,305,457
VP-003-VP-004 (Parallel 2),12,Geometric GN_33,-23.51307726344506,-46.76223814762554,Geometric Node,914.4,305,457
VP-003-VP-004 (Parallel 2),13,Geometric GN_34,-23.503138252853418,-46.7659596921844,Geometric Node,914.4,305,457
VP-003-VP-004 (Parallel 2),14,Geometric GN_35,-23.503510600518236,-46.76561730974362,Geometric Node,914.4,305,457
VP-003-VP-004 (Parallel 2),15,Geometric GN_36,-23.50047341900809,-46.77432366965997,Geometric Node,914.4,305,457
VP-003-VP-004 (Parallel 2),16,PAO_DE_ACUCAR,-23.493073140423256,-46.77872546080176,Waypoint,914.4,305,457
VP-003-VP-004 (Parallel 2),17,VP-004,-23.4786111111111,-46.7811111111111,Vertiport,760,305,457
VP-003-VP-005 (Parallel 1),1,VP-003,-23.5911111111111,-46.6855555555556,Vertiport,760,305,457
VP-003-VP-005 (Parallel 1),2,PONTE_ESTAIADA,-23.61036994370059,-46.70079334234522,Waypoint,1219,305,457
VP-003-VP-005 (Parallel 1),3,AVENIDA_MORUMBI,-23.609389520520164,-46.71255842051052,Waypoint,1219,305,457
VP-003-VP-005 (Parallel 1),4,EXTRA_TABOAO,-23.606354090644885,-46.75119116437716,Waypoint,1219,305,457
VP-003-VP-005 (Parallel 1),5,RODOANEL_RAPOSO,-23.59027412529078,-46.80869748115197,Waypoint,1219,305,457
VP-003-VP-005 (Parallel 1),6,VP-005,-23.5647222222222,-46.8302777777778,Vertiport,760,305,457
VP-003-VP-005 (Parallel 2),1,VP-003,-23.5911111111111,-46.6855555555556,Vertiport,760,305,457
VP-003-VP-005 (Parallel 2),2,PONTE_ESTAIADA,-23.61518561185501,-46.698095546543584,Waypoint,1219,305,457
VP-003-VP-005 (Parallel 2),3,AVENIDA_MORUMBI,-23.613943812813236,-46.712997135045086,Waypoint,1219,305,457
VP-003-VP-005 (Parallel 2),4,EXTRA_TABOAO,-23.610868131577313,-46.75214216895624,Waypoint,1219,305,457
VP-003-VP-005 (Parallel 2),5,RODOANEL_RAPOSO,-23.594170319153623,-46.81185807440363,Waypoint,1219,305,457
VP-003-VP-005 (Parallel 2),6,VP-005,-23.5647222222222,-46.8302777777778,Vertiport,760,305,457
VP-003-VP-006 (Parallel 1),1,VP-003,-23.5911111111111,-46.6855555555556,Vertiport,760,305,457
VP-003-VP-006 (Parallel 1),2,Geometric GN_128,-23.58410280311103,-46.6900754334762,Geometric Node,1219,305,457
VP-003-VP-006 (Parallel 1),3,Geometric GN_129,-23.56982770155641,-46.698579749295924,Geometric Node,1219,305,457
VP-003-VP-006 (Parallel 1),4,Geometric GN_130,-23.559333763197618,-46.70481052519657,Geometric Node,1219,305,457
VP-003-VP-006 (Parallel 1),5,PONTE_JAGUARE,-23.54328833441581,-46.734521887724945,Waypoint,1219,305,457
VP-003-VP-006 (Parallel 1),6,VP-006,-23.5466666666667,-46.7369444444444,Vertiport,760,305,457
VP-003-VP-006 (Parallel 2),1,VP-003,-23.5911111111111,-46.6855555555556,Vertiport,760,305,457
VP-003-VP-006 (Parallel 2),2,Geometric GN_128,-23.586939029582368,-46.694068446886796,Geometric Node,1219,305,457
VP-003-VP-006 (Parallel 2),3,Geometric GN_129,-23.57201626216759,-46.702958606197676,Geometric Node,1219,305,457
VP-003-VP-006 (Parallel 2),4,Geometric GN_130,-23.562630800377182,-46.70853122413583,Geometric Node,1219,305,457
VP-003-VP-006 (Parallel 2),5,PONTE_JAGUARE,-23.54837833225079,-46.73492255671946,Waypoint,1219,305,457
VP-003-VP-006 (Parallel 2),6,VP-006,-23.5466666666667,-46.7369444444444,Vertiport,760,305,457
VP-004-VP-005 (Parallel 1),1,VP-004,-23.4786111111111,-46.7811111111111,Vertiport,760,305,457
VP-004-VP-005 (Parallel 1),2,IMPERIAL,-23.479928950546952,-46.81385369960042,Waypoint,914.4,305,457
VP-004-VP-005 (Parallel 1),3,Geometric GN_108,-23.494806679858392,-46.83169886123875,Geometric Node,914.4,305,457
VP-004-VP-005 (Parallel 1),4,RODOANEL_CASTELO,-23.52606570187906,-46.83473932760878,Waypoint,914.4,305,457
VP-004-VP-005 (Parallel 1),5,VP-005,-23.5647222222222,-46.8302777777778,Vertiport,760,305,457
VP-004-VP-005 (Parallel 2),1,VP-004,-23.4786111111111,-46.7811111111111,Vertiport,760,305,457
VP-004-VP-005 (Parallel 2),2,IMPERIAL,-23.483821783773077,-46.81114081009397,Waypoint,914.4,305,457
VP-004-VP-005 (Parallel 2),3,Geometric GN_108,-23.497049251314102,-46.82690019368555,Geometric Node,914.4,305,457
VP-004-VP-005 (Parallel 2),4,RODOANEL_CASTELO,-23.526588389284843,-46.829782358497944,Waypoint,914.4,305,457
VP-004-VP-005 (Parallel 2),5,VP-005,-23.5647222222222,-46.8302777777778,Vertiport,760,305,457
VP-004-VP-006 (Parallel 1),1,VP-004,-23.4786111111111,-46.7811111111111,Vertiport,760,305,457
VP-004-VP-006 (Parallel 1),2,PAO_DE_ACUCAR,-23.493073140423256,-46.77872546080176,Waypoint,914.4,305,457
VP-004-VP-006 (Parallel 1),3,Geometric GN_36,-23.50047341900809,-46.77432366965997,Geometric Node,914.4,305,457
VP-004-VP-006 (Parallel 1),4,Geometric GN_35,-23.503510600518236,-46.76561730974362,Geometric Node,914.4,305,457
VP-004-VP-006 (Parallel 1),5,Geometric GN_34,-23.503138252853418,-46.7659596921844,Geometric Node,914.4,305,457
VP-004-VP-006 (Parallel 1),6,Geometric GN_33,-23.51307726344506,-46.76223814762554,Geometric Node,914.4,305,457
VP-004-VP-006 (Parallel 1),7,Geometric GN_32,-23.518659009094304,-46.74633254723625,Geometric Node,914.4,305,457
VP-004-VP-006 (Parallel 1),8,Geometric GN_31,-23.518480331799573,-46.737620862360394,Geometric Node,914.4,305,457
VP-004-VP-006 (Parallel 1),9,MARCO_ZERO,-23.513075933718262,-46.730761273001086,Waypoint,1219,305,457
VP-004-VP-006 (Parallel 1),10,Geometric GN_25,-23.51606374594118,-46.744986135177214,Geometric Node,1219,305,457
VP-004-VP-006 (Parallel 1),11,CEBOLAO,-23.525623394111516,-46.75301536700669,Waypoint,1219,305,457
VP-004-VP-006 (Parallel 1),12,Geometric GN_126,-23.535109057008345,-46.750126521315494,Geometric Node,1219,305,457
VP-004-VP-006 (Parallel 1),13,VP-006,-23.5466666666667,-46.7369444444444,Vertiport,760,305,457
VP-004-VP-006 (Parallel 2),1,VP-004,-23.4786111111111,-46.7811111111111,Vertiport,760,305,457
VP-004-VP-006 (Parallel 2),2,PAO_DE_ACUCAR,-23.489930917128433,-46.7748460980334,Waypoint,914.4,305,457
VP-004-VP-006 (Parallel 2),3,Geometric GN_36,-23.496717011493725,-46.77076998893733,Geometric Node,914.4,305,457
VP-004-VP-006 (Parallel 2),4,Geometric GN_35,-23.499507422000907,-46.762902676244245,Geometric Node,914.4,305,457
VP-004-VP-006 (Parallel 2),5,Geometric GN_34,-23.500832318592792,-46.761453530510536,Geometric Node,914.4,305,457
VP-004-VP-006 (Parallel 2),6,Geometric GN_33,-23.509453432119745,-46.75809802321997,Geometric Node,914.4,305,457
VP-004-VP-006 (Parallel 2),7,Geometric GN_32,-23.51412521440881,-46.7454532607564,Geometric Node,914.4,305,457
VP-004-VP-006 (Parallel 2),8,Geometric GN_31,-23.514022994171626,-46.735263320477685,Geometric Node,914.4,305,457
VP-004-VP-006 (Parallel 2),9,MARCO_ZERO,-23.51581295517054,-46.72146094922112,Waypoint,1219,305,457
VP-004-VP-006 (Parallel 2),10,Geometric GN_25,-23.520153648065616,-46.74212682564658,Geometric Node,1219,305,457
VP-004-VP-006 (Parallel 2),11,CEBOLAO,-23.526598828110682,-46.7475401885489,Waypoint,1219,305,457
VP-004-VP-006 (Parallel 2),12,Geometric GN_126,-23.532990942991656,-46.74559347868451,Geometric Node,1219,305,457
VP-004-VP-006 (Parallel 2),13,VP-006,-23.5466666666667,-46.7369444444444,Vertiport,760,305,457
VP-005-VP-006 (Parallel 1),1,VP-005,-23.5647222222222,-46.8302777777778,Vertiport,760,305,457
VP-005-VP-006 (Parallel 1),2,RODOANEL_CASTELO,-23.529171874792176,-46.830193872935716,Waypoint,914.4,305,457
VP-005-VP-006 (Parallel 1),3,Geometric GN_94,-23.52972637500093,-46.80169540276628,Geometric Node,914.4,305,457
VP-005-VP-006 (Parallel 1),4,Geometric GN_95,-23.535910743800176,-46.786640075771494,Geometric Node,914.4,305,457
VP-005-VP-006 (Parallel 1),5,CEBOLAO,-23.528101428313345,-46.75226068507202,Waypoint,1219,305,457
VP-005-VP-006 (Parallel 1),6,Geometric GN_126,-23.535109057008345,-46.750126521315494,Geometric Node,1219,305,457
VP-005-VP-006 (Parallel 1),7,VP-006,-23.5466666666667,-46.7369444444444,Vertiport,760,305,457
VP-005-VP-006 (Parallel 2),1,VP-005,-23.5647222222222,-46.8302777777778,Vertiport,760,305,457
VP-005-VP-006 (Parallel 2),2,RODOANEL_CASTELO,-23.523482216371725,-46.83432781320764,Waypoint,914.4,305,457
VP-005-VP-006 (Parallel 2),3,Geometric GN_94,-23.525396003261594,-46.800037359544724,Geometric Node,914.4,305,457
VP-005-VP-006 (Parallel 2),4,Geometric GN_95,-23.531514765733224,-46.78514040623323,Geometric Node,914.4,305,457
VP-005-VP-006 (Parallel 2),5,CEBOLAO,-23.524120793908853,-46.748294870483576,Waypoint,1219,305,457
VP-005-VP-006 (Parallel 2),6,Geometric GN_126,-23.532990942991656,-46.74559347868451,Geometric Node,1219,305,457
VP-005-VP-006 (Parallel 2),7,VP-006,-23.5466666666667,-46.7369444444444,Vertiport,760,305,457
